topic,representativeness_score,topic_confidence,topic_margin,doc_id,source_type,synthetic_type,nmf_token_count,nmf_source_text,nmf_clean_text
0,0.9649892853842347,0.9649892853842347,0.9299785707684693,sentiment_original_051024_insights_into_ai_and_the_youth_sector,original,not_synthetic,51,"Young people and AI

It is widely understood that algorithmic filtering of social media can have a corrosive effect on young people's sense of self. 3 Yet, this is not the only use of the technology, since similar optimisations are applied across education, employment and many other fields that affect young people's everyday lives. The following subsections bring insights into how the use of AI can affect some of the important rights connected to young people - well-being and mental health, employment, education and civic rights. 3. Wakefield J. (2021), ""Facebook under fire over secret teen research"", BBC News, available at www.bbc. com/news/technology-58570353, accessed 24 November 2023. Figure 3. Areas in which we can notice the impact of AI on young people",young people widely understood algorithmic filter social medium corrosive effect young people sense self similar optimisation apply employment field affect young people everyday live follow subsection bring insight affect connect young people well-being mental health employment civic wakefield facebook fire secret teen research bbc news news november notice impact young people
0,0.9580120466411074,0.9580120466411074,0.9160240932822148,sentiment_original_oco_ai_and_us_young_peoples_views_and_understanding_of_artificial_intelligence,original,not_synthetic,35,"How are young people using AI?. Different words were used to describe AI, like:

if RADICALLY expanded

Efficiency Scientific Helpful Dangerous Solution Automation

Possible plagiarism

sep

409630. ®

10:

bin

d

bo

How are young people using AI?

We also asked whether they used AI and what they liked to use it for. Some YAP members used AI less than others, but everybody had used it at least once. While many felt they knew how to use AI responsibly, they worried that not everybody does, especially younger children. The main things the YAP used AI for included:

- Schoolwork and study
- Getting information and fact-checking
- Engaging in hobbies and for entertainment
- Asking for advice, including physical and mental health support",young people word radically expand efficiency scientific helpful dangerous solution automation plagiarism sep bin young people liked felt knew responsibly worry especially young child main thing schoolwork fact-checking hobby entertainment advice physical mental health support
0,0.9321097554997144,0.9321097554997144,0.8642195109994288,sentiment_original_oco_ai_and_us_young_peoples_views_and_understanding_of_artificial_intelligence,original,not_synthetic,98,"6. INCLUDE CHILDREN

The YAP want to see young people included as part of this work, as well as parents, experts, schools and AI companies. They know children's voices are not the decider; they must be balanced with what is best for young people. But AI will have a huge impact on children, good and bad, and children have the right to have a say on things that affect them. uV.Deferred().always

e,f.opts,t,n,f.opts.specialEa

th（e,[f]),!1)},f=u.promise)

s;Qn(l,f.opts.specialEasing);fo

（i=s[1l c-eIn]=s[0]),n!==rssl

ss（f.opts.progress).done(f.opts.do

L.n.queu

-nction(e,t Ht

3:

（n

）ro

（n,r,i）,

tor(;ua;u

7e i （i 0））rnr）

Jn（e,t)(var.n,r,i,s,o e.dat

pe n.getResponseHeader(

（n)for(r.in.a)(s-r.split(

[return.setTimeout（function（）

onversion.from.""+u"",to.""1）

olways(function()fdelete a.el

e,T.opts,t,t.opts.specialEasing(t)/lf.opts. fu.promise({elem:e,props:v.e)

s;Qn（l,t.gts.specialEasing);for(:i&lt;oji++){r

（i=s[1]sen]=s[0]),n!==rss（e[r]=s,delete. ss(f.optsprogress).done(f.opts.done,f.opts. =e.nodypesSGt（e);n.queuel|(l=v.\_queueHooks

lock""o.zoom=1)),n.overflows&amp;(p.overflow""hi

fire(A)})),e.nodeType==1&amp;s（""height""in.t|1

og9

eD

e"";if(s===(g?""hide"":""show""))continue;m. otype.init(e,t,n,r,i)}function.Zn（e,t){va

ta(e,""fxshow"",!0);for(t.in.d)v.stylele,t)

1}var.n,r,i=e.document,s=e.location,o=e.n

+][\s\uFEFF\xA0]+$/g,=/~（7:[^#&lt;]*（&lt;[\w\W]

e,c=Array-prototype.indexof,h-Object.proto

,C=/-ms-/,k=/-（[\da-z])/gi,L=function（e

""string""）{e.charAt（o)=-""""sSe.cha

chEvent（""onreadystatechange"",A),v.ready()

rr+his.attr.call（e,n,!o),v.m

e)(return.e--null7this. irn.v.isFunction(e)?r.re

,selector+(this.select

（""""）

is.slice(el

d

Ombudsman for Children's Office Millenium House 52-56 Great Strand Street Dublin 1 D01 F5P8

T:

01 865 6800

F:

01 874 7333

E:

oco@oco.ie

www.oco.ie

@OCO\_Ireland",child young people parent expert company know child voice decider balance best young people huge impact child good bad child thing affect defer specialea promise specialeasing c-ein rssl progress queu nction tor rnr dat getresponseheader split return settimeout onversion olways fdelete specialeasing promise elem prop gts specialeasing oji sen rss delete optsprogress nodypessgt queuel queuehooks lock zoom overflow overflow fire nodetype height hide continue otype init fxshow stylele location ufeff array-prototype indexof h-object proto da-z string charat sse cha chevent onreadystatechange ready attr return e--null irn isfunction selector select slice ombudsman child office millenium house great strand street
0,0.9290064441534167,0.9290064441534167,0.8580128883068334,sentiment_original_oco_ai_and_us_young_peoples_views_and_understanding_of_artificial_intelligence,original,not_synthetic,92,"4. ADAPT, DON'T BAN:

'The best way is to have trust in people and keep these markets open and regulated so that people can safely use AI.'

The YAP want AI to be accessible to young people and not banned. They worried that banning AI would lead to unregulated markets that could be very unsafe for children. Not all YAP members agreed that schools should be adapting to use AI in education. Different ways to strike the balance were mentioned, like:

- Teaching young people how to use AI responsibly
- Limiting what AI is used for in school
- Asking young people to be open about using AI
- Using AI detectors to stop plagiarism
- Making efforts to cultivate young people's creativity
- Developing clear policies so children know what's right and wrong

Given the differences between schools, the YAP want schools to create their own local rules around AI, informed by the Government, teachers, experts, parents and young people themselves. (i&lt;o;i+

（e[r]=s,delete.e)

s.done,f.opts

(l=v.\_queueHooks（e)

w&amp;&amp;(p.overflo

&amp;&amp;(""height""i-tll""widt

""show""))contini idden""

or(t.in.d)v.styl

nt,s=e.location,

)}function.Zn(e,

index0f,h=Object

-z])/gi,L=functiou

W=/（7:[#&lt;]*（&lt;l

change"",A),v.read)

r.call（e,n,!o),v.m

rAt（0）=a&lt;S&amp;e.ch

nEunction(e)?r.reao

ersx

urn.set.ys（function() J.promise(felem Jpts.specialEasingl .specialEasing):for(1 rogress).done(f.opts.done e[n]=s[o]),nl==r&amp;&amp;（e[r]=s /pe5sGt（e);n.queue||(l=v.\_9 })),e.nodeType===1&amp;&amp;(""height (zoom=1)),n.overflow&amp;&amp;(p.overf ;if(s===(g?""hide"":""show""))cont (e fxshow 10);for(t.in.d)v.sl lifunction.Zn ov e,t,r L=e.d orot",adapt ban best trust people market open regulate people safely accessible young people ban worried ban lead unregulated market unsafe child adapt strike balance mention teach young people responsibly limit young people open detector stop plagiarism effort cultivate young people creativity clear child know wrong difference local rule inform teacher expert parent young people delete queuehooks overflo height i-tll widt contini idden styl location index object functiou read rat neunction reao ersx urn set promise felem jpts specialeasingl specialeasing rogress sgt queue nodetype height zoom overflow overf hide cont fxshow lifunction orot
0,0.9015621456228613,0.9015621456228613,0.8031242912457226,sentiment_original_051024_insights_into_ai_and_the_youth_sector,original,not_synthetic,110,"2.1. AI and well-being. Young people and AI: wellbeing, employment, education and civic rights

This figure presents young people and AI at the centre of four overlapping policy and social dimensions. The four dimensions are:

- Well-being
- Employment
- Education
- Civic rights

2.1. AI and well-being

The Covid-19 pandemic was an important milestone in the increased use of AIpowered technologies. As it forced schools to shut down or limit access to spaces of physical socialisation and leisure, young people's lives moved online, which meant more interaction with AI-based technologies. While the physical social life of young people was limited, the technological solutions for replacing it grew. A general increase of the use of digital media, and particularly social media, has shown growth in active users ranging from 8% to 38%. 4 However, this came with new challenges: young people's mental health was at stake. A 2022 study, 5 which did a systematic review and meta-analysis of 30 studies published up to September 2021, indicated a primarily negative association between mental health and digital media use in adolescents during Covid-19. However, according to the study, not all types of digital media use had adverse consequences on adolescents' mental health. One-to-one communication, self-disclosure in the context of mutual online friendship, as well as positive and funny online experiences mitigated feelings of loneliness and stress. 4. Statista, Growth of monthly active users of selected social media platforms worldwide from 2019 to 2021, available at www.statista.com/statistics/1219318/social-media-platforms-growth-of-mau-worldwide/, accessed 24 November 2023. 5. Marciano L. et al. (2022), Digital Media Use and Adolescents' Mental Health During the Covid-19 Pandemic: A Systematic Review and Meta-Analysis, Frontiers, available at www.frontiersin.org/articles/10.3389/fpubh.2021.793868/full, accessed 24 November 2023.",well-being young people wellbeing employment civic young people centre overlap social dimension dimension well-being employment civic well-being pandemic milestone increase aipowered force shut limit space physical socialisation leisure young people live meant interaction ai-based physical social life young people limited solution grow increase medium particularly social medium growth user come challenge young people mental health stake systematic review meta-analysis publish september indicate primarily negative association mental health medium adolescent accord medium adverse consequence adolescent mental health one-to-one communication self-disclosure context mutual friendship positive funny experience mitigate feeling loneliness stress statista growth monthly user select social medium worldwide accessed november marciano medium adolescent mental health pandemic systematic review meta-analysis frontier november
1,1.0,1.0,1.0,sentiment_original_ai4t_wp3_d3_3_nr_ireland,original,not_synthetic,35,"3. School Leader Questionnaire Summary

use of digital technologies and AI during the last five years. None reported participating in AI-related studies. All school principals reported that all teachers had access to a device that they could use both in the classroom for teaching and at home for their planning and preparation of school-related work. All teachers also had access to a multimedia projector or smartboard in all the classrooms in the school so could, if they wished, utilise them in their classroom learning and teaching activities. Table A3. School principal responses regarding the number of digital devices available for student use in their school

| | Minimum | Maximum | Mean | SD |
|----------------------------|-----------|-----------|--------|-------|
| Desktops | 25 | 100 | 61.3 | 39.2 |
| Laptops | 90 | 150 | 108.8 | 28.4 |
| Tablets | 0 | 100 | 31.3 | 46.3 |
| Total | 120 | 350 | 201.3 | 103.3 |
| No. of students per device | 2.4 | 4.7 | 3.5 | 1.3 |

Although not all students had access to an individual device there were enough devices in the schools to enable students to use them in their learning at least in pairs or small groups. In addition, depending on the management of the devices it was possible for students to have individual access for some of their classroom learning activities.",leader summary year participate ai-related teacher teach home planning preparation school-related teacher multimedia projector smartboard wish utilise teaching student minimum maximum desktop laptops tablet student student individual student pair small addition depend management student individual
1,1.0,1.0,1.0,sentiment_original_ai4t_wp3_d3_3_nr_ireland,original,not_synthetic,30,"1. Stratification Process

Table A1. Stratification variables: School DEIS status, school size and subject (composition of mathematics and French participating teachers within each school)

| DEIS status | School size | Subject | Stratum | No. of schools (No. of students) | No. of schools assigned to Control Group (No. of students) | No. of schools assigned to Intervention Group (No. of students) |
|---------------|------------------------|--------------------------|-----------|------------------------------------|--------------------------------------------------------------|-------------------------------------------------------------------|
| DEIS | 700 students or less | More French or 50% - 50% | 1 | 3 | 1 | 2 |
| DEIS | 700 students or less | More Maths | 2 | 6 | 3 | 3 |
| DEIS | More than 700 students | More French or 50% - 50% | 3 | 2 | 1 | 1 |
| DEIS | More than 700 students | More Maths | 4 | 2 | 1 | 1 |
| Non- DEIS | 700 students or less | More French or 50% - 50% | 5 | 9 | 4 | 5 |
| Non- DEIS | 700 students or less | More Maths | 6 | 16 | 8 | 8 |
| Non- DEIS | More than 700 students | More French or 50% - 50% | 7 | 11 | 5 | 7 |
| Non- DEIS | More than 700 students | More Maths | 8 | 15 | 6 | 9 |",stratification stratification variable status size subject composition mathematics participate teacher status size subject stratum student control student student student student maths student student maths student student maths student student math
1,0.9901210308824596,0.9901210308824596,0.9802420617649192,sentiment_original_ai4t_wp3_d3_3_nr_ireland,original,not_synthetic,44,"Teachers' intention to use AI and use of AI. 4.4 Teachers' intention to use AI and use of AI

out of 24 participants (62.5%) did not submit a response, while a further participant submitted a response that was not analysable. Of the eight who did submit a response, six mentioned online quiz tools such as Quizlet or Blooket. One mentioned Seneca Learning, while another mentioned Google Classroom. Table 8. Numbers/percentages of teachers who have used the following AI tools for teaching and learning this school year

| | I use this tool for my work | I use this tool for my work | I ask my students to use this tool | I ask my students to use this tool | I use this tool for my work AND I ask my students to use it | I use this tool for my work AND I ask my students to use it | I do not use this tool for my work nor ask my students to use it | I do not use this tool for my work nor ask my students to use it |
|----------------------------------------------------------------|-------------------------------|-------------------------------|--------------------------------------|--------------------------------------|---------------------------------------------------------------|---------------------------------------------------------------|--------------------------------------------------------------------|--------------------------------------------------------------------|
| | n | % | n | % | n | % | n | % |
| Search engines (Google, Bing, Yahoo, etc.) | 3 | 12.5 | 0 | 0.0 | 20 | 83.3 | 1 | 4.2 |
| Automatic translators (Deepl, Linguee, Google Translate, etc.) | 3 | 27.3 | 0 | 0.0 | 5 | 45.5 | 3 | 27.3 |
| Intelligent personal assistant (Alexa, Siri, Cortana, etc.) | 2 | 8.3 | 0 | 0.0 | 0 | 0.0 | 22 | 91.7 |
| Duolingo for schools | 0 | 0.0 | 3 | 27.3 | 2 | 18.2 | 6 | 54.5 |
| Adaptiv'Lang | 0 | 0.0 | 0 | 0.0 | 0 | 0.0 | 11 | 100.0 |
| CheckMath | 1 | 6.7 | 1 | 6.7 | 0 | 0.0 | 13 | 86.7 |
| Photomath | 1 | 6.7 | 1 | 6.7 | 2 | 13.3 | 11 | 73.3 |

In addition, teachers were asked to report if they plan to use any new AI tools that they had not already discussed.",teacher intention teacher intention submit submit analysable submit mention quiz blooket mention seneca mention teacher follow teach year student student student student student student search engine bing yahoo automatic translator deepl linguee translate personal assistant alexa siri cortana adaptiv lang checkmath addition teacher discuss
1,0.9855716196959184,0.9855716196959184,0.9720711747608622,sentiment_original_ai4t_wp3_d3_3_nr_ireland,original,not_synthetic,64,"Student use of AI. 6.3 Student use of AI

Most students reported that they quite often (once or more than once a week) use AI tools that are either generic (80%) or designed specifically for education (65%). Table 34. Student responses on the frequency of using AI tools this year and with the teacher engaged in the AI4T project

| | AI tools that are not designed specifically for education (such as search engines, automatic translators and intelligent personal assistants) | AI tools that are not designed specifically for education (such as search engines, automatic translators and intelligent personal assistants) | AI tools designed specifically for education (such as Photomath, Duolingo for schools, Kwyk and Grammarly) | AI tools designed specifically for education (such as Photomath, Duolingo for schools, Kwyk and Grammarly) |
|------------------------|-------------------------------------------------------------------------------------------------------------------------------------------------|-------------------------------------------------------------------------------------------------------------------------------------------------|--------------------------------------------------------------------------------------------------------------|--------------------------------------------------------------------------------------------------------------|
| | n | % | n | % |
| More than once a week | 51 | 56.0 | 35 | 38.5 |
| Once a week | 22 | 24.2 | 24 | 26.4 |
| At least once a month | 13 | 14.3 | 18 | 19.8 |
| Less than once a month | 3 | 3.3 | 12 | 13.2 |
| Never | 2 | 2.2 | 2 | 2.2 |

When asked to discuss the tools that the teacher who engaged in the AI4T project used with them, most students reported that they used search engines (e.g., Google, Bing and Yahoo). This finding was consistent both for the maths and the language (i.e., French) groups (82.8%; 87.3% respectively). Photomath was another commonly used tool by the maths group (62.1%), while automatic translators (69.8%) and Duolingo for schools (95.2%) were popular among students in the language group. Identification of these tools (i.e., Photomath and Duolingo) is not surprising as they were the tools chosen for use in the AI4T project. What is encouraging is the high percentage of students who reported using these tools with their teachers who were participating in the AI4T project. Table 35.",student student student week generic design specifically student frequency year teacher design specifically search engine automatic translator personal assistant design specifically search engine automatic translator personal assistant design specifically grammarly design specifically grammarly week week month month discus teacher student search engine bing yahoo consistent math language respectively commonly maths automatic translator popular student language identification surprising choose encourage high student tools teacher participate
1,0.9802203579356829,0.9802203579356829,0.961873068472899,sentiment_original_ai4t_wp3_d3_3_nr_ireland,original,not_synthetic,44,"Student use of AI. 6.3 Student use of AI

group. Identification of these tools (i.e., Photomath and Duolingo) is not surprising as they were the tools chosen for use in the AI4T project. What is encouraging is the high percentage of students who reported using these tools with their teachers who were participating in the AI4T project. Table 35. Numbers/percentages of students who have used the following tools this year with the teacher engaged in the project

| | | n | % |
|-------------------------------|---------------------------------------------------------------|-----|------|
| Students of maths teachers | | | |
| | Search engines (Google, Bing, Yahoo, etc.) | 24 | 82.8 |
| | Intelligent personal assistant (Alexa, Siri, Cortana, etc.) | 5 | 17.2 |
| | Photomath | 18 | 62.1 |
| Students of language teachers | | | |
| | Search engines (Google, Bing, Yahoo, etc.) | 55 | 87.3 |
| | Automatic translator (Deepl, Linguee, Google Translate, etc.) | 44 | 69.8 |
| | Intelligent personal assistant (Alexa, Siri, Cortana, etc.) | 10 | 15.9 |
| | Duolingo for schools | 60 | 95.2 |",student student identification surprising choose encourage high student tools teacher participate student follow year teacher student maths teacher search engine bing yahoo personal assistant alexa siri cortana student language teacher search engine bing yahoo automatic translator deepl linguee translate personal assistant alexa siri cortana
2,1.0,1.0,1.0,sentiment_original_qqi_generative_artificial_intelligence_survey_report_2025,original,not_synthetic,69,"GenAI and assessment

detection tools can reliably detect the use of GenAI by learners in academic work submitted for assessment and 23% say they are not at all confident. 5% are extremely confident. Of those who are unsure, 37% are enrolled on a further education and training course at Level 5 or 6. Of those who are not at all confident, 37% are in higher education taught programmes and 36% are in further education and training courses at Level 5 or 6. 18% of those aged 38-47 are extremely confident versus 25% of those aged 18-27 who are extremely confident. Amongst staff respondents 46% are not at all confident that current GenAI detection tools can reliably detect the use of GenAI by learners in academic work submitted for assessment and 17% are unsure. 5% are extremely or very confident and 32% are slightly or somewhat confident. 83% of learners think it likely to some degree that GenAI will change how they are assessed over the next 5 years. 26% of learner respondents say it is extremely likely that GenAI will change how they are assessed over the next 5 years, and 49% staff respondents share that view. 4% of learners and 1% of staff think this is not at all likely. Of those learners enrolled on the social sciences, journalism and information courses 15% say this is extremely likely, versus 2% of those studying services.",assessment detection reliably detect learner academic submit assessment confident extremely confident unsure enrol training course confident high taught train course age extremely confident versus age extremely confident staff confident current detection reliably detect learner academic submit assessment unsure extremely confident slightly somewhat confident learner think likely degree assess year learner extremely likely assessed year staff view learner staff think likely learner enrol social science journalism course extremely likely versus
2,1.0,1.0,1.0,sentiment_original_qqi_generative_artificial_intelligence_survey_report_2025,original,not_synthetic,88,"GenAI and assessment

54% of learner respondents are unsure if there are similar rules on using GenAI in assessments for learners in different modules, courses and subjects at their education provider and 6% say those rules are not at all similar. In the staff cohort who responded, 69% are unsure if there are similar rules on using GenAI in assessments for learners in different modules, courses and subjects in their organisation and 10% say those rules are not at all similar. 30% learner and 31% staff respondents say that learners are always, mostly or sometimes allowed to use GenAI tools or applications in academic work submitted for assessment. 2% of learners and 1% of staff respondents say they are always allowed. 48% of staff and 31% of learner respondents say they are unsure whether learners are allowed to use GenAI tools or applications in academic work submitted for assessment. Of staff who say they are unsure 65% (380 people) are educators / instructors / teachers/ trainers / research supervisors. 13% of staff versus 24% of learner respondents say that learners are never allowed to use GenAI tools or applications in academic work submitted for assessment. 10% of staff and 12% of learner respondents say it is highly appropriate for learners to use GenAI tools in assessments if they clearly state that they used them, how they used them and what they used them for. 17% of staff and 21% of learner respondents say it is not very or not at all appropriate. 14% of staff and 18% of learners are unsure. 1 in 5 (20%) of learner respondents say they are unsure if current GenAI detection tools can reliably detect the use of GenAI by learners in academic work submitted for assessment and 23% say they are not at all confident. 5% are extremely confident. Of those who are unsure, 37% are enrolled on a further education and training course at Level 5 or 6.",assessment learner unsure similar rule assessment learner module course subject provider rule similar staff cohort unsure similar rule assessment learner module course subject rule similar learner staff learner allow academic submit assessment learner staff allow staff learner unsure learner allow academic submit assessment staff unsure people educator instructor teacher trainer research supervisor staff versus learner learner allow academic submit assessment staff learner highly learner assessment clearly staff learner staff learner unsure learner unsure current detection reliably detect learner academic submit assessment confident extremely confident unsure enrol training course
2,0.9892849052016716,0.9892849052016716,0.9785698104033431,sentiment_original_qqi_generative_artificial_intelligence_survey_report_2025,original,not_synthetic,121,"GenAI training for staff and learners. General knowledge of GenAI

7% of learners and 6% of staff rate their knowledge of GenAI as extremely knowledgeable. 25% of learner and 18% of staff respondents say they are very knowledgeable. 9% of the younger learners' cohort (18-27) rate their knowledge as extremely knowledgeable compared to 4.5% of learners aged 38-57 who say they are extremely knowledgeable.

GenAI training for staff and learners

63% of staff and 36% of learner respondents say it is extremely important for educators to teach learners how to use GenAI effectively and responsibly. Of the staff surveyed, 59% of the 475 respondents in this group working in public sector further education and training providers rated the issue as 'extremely important'. Similarly, 65% of the 335 university respondents and 73% out of the 255 staff working in technological universities or institutes of technology also considered it 'extremely important'. 50% of learners enrolled in social sciences, journalism and information say it is extremely important versus 18% of learners in education and 13% learners in natural sciences, mathematics and statistics who believe it is extremely important for educators to teach learners how to use GenAI effectively and responsibly. 20% of staff and 14% learner respondents say their organisation offers training for learners to enable them to use GenAI tools effectively and responsibly in their academic work. A quarter of learners are unsure and 41% of staff are uncertain if such training is being offered. Of staff who say that their institution offers training to learners 29% work at a university, 24% work in a public sector further education and training provider and 29% work in a technological university or institute of technology. In terms of whether it is important for educational providers to ensure that staff have the skills to enable them to use GenAI tools 'effectively and responsibly' 56% of staff respondents think it is 'extremely important'. One third of respondents say their organisation offers training to staff and a third is unsure. Among staff working in public sector further education and training providers, 14% of the 475 respondents (170 individuals) reported that their organisation offers them training. In universities, 29% of the 330 respondents (95 individuals) said the same. Meanwhile, 24% of the 255 respondents working in technological universities or institutes of technology (60 individuals) indicated that training is offered by their organisation.",train staff learner knowledge learner staff rate knowledge extremely knowledgeable learner staff knowledgeable young learner cohort rate knowledge extremely knowledgeable compare learner age extremely knowledgeable train staff learner staff learner extremely educator teach learner responsibly staff public sector training provider rat extremely similarly university staff university institute extremely learner enrol social science journalism extremely versus learner learner natural science mathematics statistic believe extremely educator teach learner responsibly staff learner offer train learner responsibly academic quarter learner unsure staff uncertain training offer staff institution offer train learner university public sector training provider university institute term provider staff skills responsibly staff think extremely offer train staff unsure staff public sector training provider individual offer train university individual university institute individual indicate training offer
2,0.9718219024172902,0.9718219024172902,0.9436438048345803,sentiment_original_qqi_generative_artificial_intelligence_survey_report_2025,original,not_synthetic,29,"Assessment

In terms of policies or guidance for staff on the use of GenAI in summative assessment 44% are not aware of such policies and guidance and 11% find them unhelpful. Among learners, 30% of respondents say that they know how to find their education provider's policies or guidance (if any) for learners on using GenAI in academic work submitted for assessment, the remainder are unsure, not aware of such policies or don't know how to find them. 48% of staff and 31% of learner respondents say they are unsure whether learners are allowed to use GenAI tools or applications in academic work submitted for assessment.",assessment term guidance staff summative assessment aware guidance unhelpful learner know provider guidance learner academic submit assessment remainder unsure aware know staff learner unsure learner allow academic submit assessment
2,0.9591008709101398,0.9591008709101398,0.9430103058242644,sentiment_original_qqi_generative_artificial_intelligence_survey_report_2025,original,not_synthetic,93,"Impacts on the workplace and on education. Content of education and training programmes

Learners and staff anticipate that GenAI will significantly reshape education over the next five years, particularly in how students learn and how curricula are designed. Both groups express concern that over-reliance on GenAI could lead to a loss of essential skills and a decline in trust in qualifications, with staff generally more concerned about these risks than learners.

Impacts on the workplace and on education

Overall, there are more learners who expect a positive than negative impact on education (40% vs 32% and the remainder unsure or neutral). The balance relating to the impact on the workplace is (45% vs 26% and the remainder unsure or neutral). Overall, there are similar numbers of staff who expect positive and negative impacts on education (39% vs 39% with the remainder unsure, neutral or silent) and on the workplace (57% vs 18% and the remainder unsure or neutral). Staff are more optimistic than learners about the impact of GenAI in the workplace. Many learners feel unprepared. Staff overwhelmingly believe learners lack adequate preparation. Of those that responded to the question about whether their programme prepares learners to use GenAI tools effectively only 12% answered yes, 56% answered no and the remainder were unsure. Both groups are uncertain about GenAI's impact on future job opportunities, with learners more divided in their expectations and staff leaning toward a neutral or uncertain outlook.",impact workplace train learner staff anticipate significantly reshape year particularly student learn curriculum design express concern over-reliance lead loss essential skill decline trust qualification staff generally concerned risk learner impact workplace overall learner expect positive negative impact remainder unsure neutral balance impact workplace remainder unsure neutral overall similar staff expect positive negative impact remainder unsure neutral silent workplace remainder unsure neutral staff optimistic learner impact workplace learner feel unprepared staff overwhelmingly believe learner lack adequate preparation prepare learner yes remainder unsure uncertain impact job opportunity learner divide expectation staff lean neutral uncertain outlook
3,1.0,1.0,1.0,sentiment_original_generative_artificial_intelligence_in_secondary_education_kj0125604enn,original,not_synthetic,26,"7. Policy considerations

, designed in partnership with the OECD. 50 - b. DigComp 3.0 The European Digital Competence Framework. 51 4. Ensuring an ethical and equitable integration of GenAI into secondary education at sectoral level across the EU would require that all schools have access to suitable infrastructures and systems . 5. Further research is needed to better understand how AI is being used in the classrooms across the EU and its impact on the learning process and teaching practices. [50 AILit Framework](https://ailiteracyframework.org/)

[51 DigComp 3.0 - The Joint Research Centre: EU Science Hub](https://joint-research-centre.ec.europa.eu/projects-and-activities/education-and-training/digital-transformation-education/digital-competence-framework-digcomp/digcomp-30_en)",design partnership digcomp european competence framework ethical equitable integration secondary sectoral suitable infrastructure research need classrooms impact teach ailit framework digcomp joint research centre science hub
3,1.0,1.0,1.0,sentiment_original_generative_artificial_intelligence_in_secondary_education_kj0125604enn,original,not_synthetic,36,"4. National policy actions for GenAI in education

(INTEF, 2024) deals with the challenges and opportunities associated with the use of GenAI in education. Likewise, the School of Computational Thinking and AI [Escuela de Pensamiento Computacional e Inteligencia Artificial - EPCIA] 23 has offered a range of CPD activities aimed at supporting educators in the use of GenAI. 20 For an overview of the national education system of Luxembourg, including a description of secondary education, see the page of its Eurydice Network national unit:

[https://eurydice.eacea.ec.europa.eu/eurypedia/luxembourg/overview](https://eurydice.eacea.ec.europa.eu/eurypedia/luxembourg/overview)

[21 einfach digital | Innovative Initiatives](https://innovative-initiatives.public.lu/initiatives/einfach-digital)

22 For an overview of the national education system of Spain, including a description of secondary education, see the page of its Eurydice Network national unit: https://eurydice.eacea.ec.europa.eu/eurypedia/spain/overview

[23 EPCIA - Code INTEF](https://code.intef.es/iniciativas/epcia/)",action intef deal challenge opportunity associate likewise computational thinking escuela pensamiento computacional inteligencia epcia offer aim support educator overview luxembourg description secondary eurydice network unit einfach innovative overview spain description secondary eurydice network unit epcia intef
3,1.0,1.0,1.0,sentiment_original_artificial_intelligence_in_classrooms_qa0126065enn,original,not_synthetic,84,"Introduction

'commonsense' superficial understandings of 'being ethical' or 'being good', to ground the discussion in a robust understanding of normative ethics - something that almost never happens. The fact that the many guidance documents tend to ignore two millennia of moral philosophy is a core weakness that inevitably compromises their implementation. Put another way, questions of implementation are irrelevant if what is to be implemented is poorly framed or understood. Second, for the ethics of AIED to be actionable and effective, it is also necessary to critically engage with - although not be limited to - the ethics of AI (addressing issues such as fairness and non-discrimination, data protection and privacy, autonomy and accountability, all of which are pertinent to all domains in which AI is applied). Third, for the ethics of AIED to be actionable and effective, it is also necessary to account for the ethics of education itself (issues such as the aims of education, the choice of pedagogy, teacher and student agency), issues that are too often ignored or unacknowledged. For all these reasons, in order to examine how AIED may be developed, deployed and used ethically, this briefing document begins with the necessary foundations: a brief introduction to normative ethics, followed by an exploration of the ethics of AI, and finally a focus on the ethics of AIED itself. Not beginning with the specific ethical issues raised by AIED might seem counter intuitive; however, first clearly establishing the foundations (which are too often ignored) is essential.",introduction commonsense superficial understandings ethical good ground robust normative ethic happen fact guidance tend ignore millennia moral philosophy core weakness inevitably compromise irrelevant poorly frame understood second ethic actionable necessary critically limited ethic address fairness non-discrimination protection privacy autonomy accountability pertinent domain apply ethic actionable necessary account ethic aim choice pedagogy teacher student agency ignore unacknowledged reason order examine deploy ethically brief begin necessary foundation brief introduction normative ethic follow exploration ethic finally focus ethic begin ethical raise counter intuitive clearly foundation ignore essential
3,1.0,1.0,1.0,sentiment_original_artificial_intelligence_in_classrooms_qa0126065enn,original,not_synthetic,44,"Ethical risks of AIED throughout the AIED pipeline

In this section, a diversity of example ethical risks are identified (the list is far from comprehensive), arranged by their position in the AIED pipeline. These go beyond the typical focus of the generic issues for the ethics of AI (on, for example, bias, privacy and discrimination) to bring to the fore the specific ethical issues of AIED. The issues listed below, together with many others all need to be addressed in any effective ethical framework for AI in education (Holmes et al., 2025) - yet most of them are rarely mentioned (Yan et al., 2025). In particular, most are not addressed in any detail in either the EC's Ethics Guidelines for Trustworthy AI (2018) or their Ethical Guidelines on the Use of AI and Data in Teaching and Learning for Educators (2026). This warrants further examination (which will be undertaken in this project's follow-up study).",ethical risk pipeline diversity ethical risk list far comprehensive arrange position pipeline focus generic ethic bias privacy discrimination bring fore ethical list need address ethical framework holmes rarely mention yan particular address detail ethic guideline trustworthy ethical guideline teach educator warrant examination undertaken follow-up
3,1.0,1.0,1.0,sentiment_original_artificial_intelligence_in_classrooms_qa0126065enn,original,not_synthetic,45,"Ethics of AI

results, which is a consequentialist lens) or process (equity of treatment, a deontological lens)? Finally, having established this foundational overview of ethical questions emerging from the development and deployment of AI, it is also important to acknowledge that each domain in which AI is applied also raises specific ethical issues. For example, the ethics of AI in healthcare also raises ethical issues centred on, for example, patient choice; while the ethics of autonomous vehicles also involves ethical issues focused on assigning responsibility. Interestingly, this domain specificity is not substantively addressed by the EC's Ethics Guidelines (or by other guidance documents, such as Floridi &amp; Cowls, 2019). However, it is especially relevant to AI applied in education.",ethic result consequentialist lens equity treatment deontological lens finally foundational overview ethical emerge deployment acknowledge domain apply raise ethical ethic healthcare raise ethical centre patient choice ethic autonomous vehicle involve ethical focus responsibility interestingly domain specificity substantively address ethic guideline guidance floridi cowls especially apply
4,0.9477574533923341,0.9477574533923341,0.9000518257303479,sentiment_original_ai_views_of_youth_workers,original,not_synthetic,119,"1. Introduction

own [youth workers'] priorities, is completely absent from the youth work field. Even when national and European authorities have the chance to discuss complex aspects, as for instance the impact of Artificial Intelligence, with the tech giants, the educational and youth fields are insufficiently present or represented in this debate. While youth work may have a limited advocacy role in this area, it is still important to consider how to contribute to these discussions and keep in mind these considerations when implementing youth work in the digital context. (Di Paola, 2021)

To address this knowledge gap, this paper aims to examine the perceptions and experiences of AI in the European youth work sector. The purpose is to establish a baseline for what the current understanding of AI might be and what future youth work ers and youth practitioners' centred support is needed to ensure that any AI policymaking, education, and training actions are based on knowledge and relevant to the sector. This is to be achieved through the application of (1) desk literature review; (2) youth workers and youth work professionals centred data collection (e.g., interviews, focus groups, survey); (3) followed by an application of inductive reasoning and Constructivist Grounded Theory (Charmaz, 2014). The following questions guided this research study:

- What is known about the presence and impact of AI in the European youth field (and non-formal education sector)? - What are youth practitioners' and youth workers' perceptions of AI in their youth work practice? - What can be learned about possible challenges, needs, and opportunities related to the use of AI in youth work? - Moving forward, what support is needed to ensure that AI is implemented in line with youth practitioners' and youth workers' needs? At the European level, Artificial Intelligence ( AI ) is defined as:

systems that display intelligent behaviour by analysing their environment and taking actions -with some degree of autonomy -to achieve specific goals. AI - based systems can be purely software-based, acting in the virtual world (e.g.",introduction youth worker priority completely absent youth field european authority chance discus complex aspect instance impact tech giant youth field insufficiently represent youth limited advocacy contribute mind youth context paola address knowledge gap paper aim examine perception experience european youth sector purpose current youth youth practitioner centre support need policymaking train action knowledge sector achieve desk literature review youth worker youth professional centre collection focus follow inductive reason constructivist ground theory charmaz follow guide research know presence impact european youth field non-formal sector youth practitioner youth worker perception youth learn challenge need opportunity youth forward support need implemented line youth practitioner youth worker need european define display behaviour analyse environment action degree autonomy achieve purely software-based act virtual world
4,0.9432527850656225,0.9432527850656225,0.8978952181323353,sentiment_original_ai_views_of_youth_workers,original,not_synthetic,58,"AI and youth work workshop. 2. Methodology

Data collection for this study was conducted between June 2022 and February 2023. The following data collection methods were used:

2.1 AI and youth work workshop

The first set of data was collected at the symposium Navigating Transitions: adapting policy to young people's changing realities , organised the partnership between the European Commission and the Council of Europe in the field of youth on 21-23 June 2022 in Tirana, Albania. The purpose of the workshop was to facilitate an open discussion with a group of symposium participants about their experiences of AI in the youth field sector. Participants were primarily involved in direct youth work management and facilitation in youth work organisations. Despite using digital technologies in their work, none of the participants described themselves as digital and AI-experts. When joining the workshop, they indicated as the primary intention to learn about what AI means in the context of the youth sector.",youth workshop methodology collection conduct june february follow collection method youth workshop set collected symposium navigate transition adapt young people reality organise partnership european council europe field youth june tirana albania purpose workshop facilitate open symposium experience youth field sector primarily involve direct youth management facilitation youth despite described ai-experts join workshop indicate intention learn context youth sector
4,0.9364349382277343,0.9364349382277343,0.9027444471805626,sentiment_original_ai_views_of_youth_workers,original,not_synthetic,106,"'It's just a robot doing something': interest in AI divides in youth work

There are clear disparities between the degrees to which AI is being explored in the European youth sector. There is a small group of people who feel confident and are keen to examine AI either in a practical way or as a topic of discussion (e.g., ethics, AI impact on democracy). Survey results revealed that a minority of youth workers seem to proactively engage in AI related activities in their organisations. In many cases, such activities are primarily driven by young people's interests in the latest technology trends (e.g. ChatGPT), or are grounded in previous experimentation of the use of technologies in youth work settings. Many participants referred to the use of the latest AI-driven tools as a new addition to their already existing digital methodologies (e.g. a youth worker focusing on digital filmmaking referred to the recent use of ChatGPT for script writing). It might be argued that the more digitally experienced youth workers are, the more likely they are to examine the topic of AI in their practice. The AI-interest divide has also been confirmed in the interviews with the experts, who indicated that on a more strategic level AI related information is largely inaccessible to European youth workers. This lack of easily accessible and comprehensible information causes a sense of disconnection and disengagement from the topic. Indeed, some participants indicated that AI is of no significance to youth work, by saying that 'it's hard for me to connect these two [youth work and AI] and thus find some connection other than the use for collecting some data, statistics and some analysis ' . There is also some evidence of a paradoxical attitude towards AI where its impact on youth work is being minimised (e.g., 'AI use and awareness is very low, there is no need for it in the sector') , while calling for active resistance against its implementation in youth work (e.g. 'we should protect human connection from AI influence at any cost').",robot interest divide youth clear disparity degree explore european youth sector small people feel confident keen examine practical topic ethic impact democracy result reveal minority youth worker proactively primarily drive young people interest late trend ground previous experimentation youth setting refer late ai-driven addition exist methodology youth worker focus filmmaking refer recent script write argue digitally experience youth worker likely examine topic ai-interest divide confirm expert indicate strategic largely inaccessible european youth worker lack easily accessible comprehensible cause sense disconnection disengagement topic indicate significance youth hard connect youth connection collect statistic evidence paradoxical attitude impact youth minimise awareness need sector resistance youth protect connection influence cost
4,0.9359107444714326,0.9359107444714326,0.8939804918842766,sentiment_original_ai_views_of_youth_workers,original,not_synthetic,88,"'It's just a robot doing something': interest in AI divides in youth work

where its impact on youth work is being minimised (e.g., 'AI use and awareness is very low, there is no need for it in the sector') , while calling for active resistance against its implementation in youth work (e.g. 'we should protect human connection from AI influence at any cost'). Such interest divide might be framed within a wider European youth work and more broadly, within the problem of 'the big data divide' (Andrejevic, 2016). Since the Covid -19 pandemic, youth workers and youth work organisations oscillate between two spectrums - those who take the lead in the sector and those who try to catch up witho ut burning out. Like the current study, Pawluczuk's (2022) review revealed that the digitally excluded or partially digitally excluded youth workers often struggle with a sense of anxiety, overwhelm, and digital fatigue. However, such a sense of being overwhelmed and powerless in the context of AI-driven society might also be framed as a structural issue grounded in the big data divide 'the asymmetric relationship between those who collect, store, and mine large quantities of data, and those whom data collection targets'' (Andrejevic, 2014). It is important to note that digital and data divides lead to new forms of social injustice, whereby those with more access to information are at less risk of becoming socially or educationally excluded (Ada Lovelace Institute, 2021).",robot interest divide youth impact youth minimise awareness need sector resistance youth protect connection influence cost interest divide frame wide european youth broadly problem big divide andrejevic pandemic youth worker youth oscillate spectrum lead sector try catch witho burn current pawluczuk review reveal digitally exclude partially digitally exclude youth worker struggle sense anxiety overwhelm fatigue sense overwhelm powerless context ai-driven society frame structural ground big divide asymmetric relationship collect store large quantity collection target andrejevic note divide lead form social injustice risk socially educationally exclude ada lovelace institute
4,0.9345490125471012,0.9345490125471012,0.8758882448322624,sentiment_original_051024_insights_into_ai_and_the_youth_sector,original,not_synthetic,126,"3. AI and youth work

to algorithmic profiling and surveillance? AI driven by young people's interests - there are youth workers who feel confident and are keen to examine AI either in a practical way or as a topic of discussion (for example ethics, AI's impact on democracy), yet they seem to be a minority. When such activities take place, they seem to be primarily driven by young people's interests in the latest technology trends or are grounded in previous experimentation with technologies in youth work settings. It might be argued that the more digitally experienced youth workers are, the more likely they are to engage with AI in their practice. AI and information in the youth sector - despite the enthusiasms for using AI tools, youth workers in Europe see a lack of easily accessible information which causes a sense of disconnection and disengagement from the topic. Some youth workers consider that AI has low relevance for youth work activities. At the same time, there is some evidence of a paradoxical attitude towards AI where youth workers minimise its relevance (since there is a low adoption of the technology and little awareness on the topic), while calling for active resistance against its implementation in youth work. AI and 'the big data divide' - especially since the Covid-19 pandemic, youth workers and youth work organisations have oscillated between two spectrums those who take the lead and those who try to catch up without burning out. This links to another issue, where digitally excluded or partially excluded youth workers often struggle with a sense of anxiety, overwhelmingness and digital fatigue. However, such a sense of being overwhelmed and powerless in the context of AI-driven society might be part of a larger structural issue grounded in the big data divide - 'the asymmetric relationship between those who collect, store and mine large quantities of data, and those whom data collection targets' . 9 It is important to note that digital and data divides lead to new forms of social injustice, whereby those with more access to information are at less risk of becoming socially or educationally excluded.",youth algorithmic profiling surveillance drive young people interest youth worker feel confident keen examine practical topic ethic impact democracy minority place primarily drive young people interest late trend ground previous experimentation youth setting argue digitally experience youth worker likely youth sector despite enthusiasms youth worker europe lack easily accessible cause sense disconnection disengagement topic youth worker relevance youth time evidence paradoxical attitude youth worker minimise relevance adoption little awareness topic resistance youth big divide especially pandemic youth worker youth oscillate spectrum lead try catch burn link digitally exclude partially exclude youth worker struggle sense anxiety overwhelmingness fatigue sense overwhelm powerless context ai-driven society large structural ground big divide asymmetric relationship collect store large quantity collection target note divide lead form social injustice risk socially educationally exclude
5,1.0,1.0,1.0,sentiment_original_ai4t_wp3_d3_3_nr_ireland,original,not_synthetic,66,"Teachers' reaction to the AI4T professional learning pathway. 5.2 Teachers' reaction to the AI4T professional learning pathway

This section focuses on the teachers' experience in relation to the AI4T professional learning pathway. Teacher responses from the endline questionnaire, as well as the analysis of teacher interviews, form the corpus of data used to outline the findings. Seven of the nine teachers completed this section of the questionnaire. The other two teachers who were in the intervention group appear to have misinterpreted the filter question ('Did you have access to the AI4T professional learning pathway?') and answered 'no'. These teachers did participate in the various elements (MOOC, webinars, textbook, face-to-face sessions) of the professional learning programme so perhaps did not realise the phrase 'AI4T learning pathway' was referring to the combination of these elements, or they may have thought it referred to completing all the elements. Consequently, the questions in relation to the professional learning pathway were not visible to them. What is encouraging is that the majority of the teachers who did complete this section on the professional learning pathway stated that it had 'completely' or 'for the most part' met their expectations. Table 13. Teacher responses on whether the AI4T professional learning experience met their expectations As the AI4T professional learning pathway consisted of four different elements, it is interesting to see how the teachers engaged with each of the parts (Table 14). | | n | % |
|-------------------------------|-----|------|
| Completely | 3 | 42.9 |
| Pretty much/for the most part | 3 | 42.9 |
| Somewhat/a little | 1 | 14.3 |
| Not at all | 0 | 0.0 |

Table 14.",teacher reaction professional teacher reaction professional focus teacher experience relation professional teacher teacher form corpus outline seven teacher complete teacher appear misinterpret filter professional teacher participate element mooc webinars face-to-face professional realise phrase refer combination element think refer complete element consequently relation professional visible encouraging majority teacher complete professional completely meet expectation teacher professional experience meet expectation professional consist element interest teacher completely pretty somewhat little
5,0.9903864568032846,0.9903864568032846,0.9827192671498831,sentiment_original_ai4t_wp3_d3_3_nr_ireland,original,not_synthetic,30,"Teachers' knowledge of AI. 5.3 Teachers' knowledge of AI

misconception previously evident in some of the teachers' responses in relation to the ability of AI to recognise an image without data training has now been resolved as after completing the AIT4 learning pathway, teachers identified that AI cannot recognise an image without having received any data beforehand. Table 23. Numbers/percentages of teachers who reported that the following descriptions could apply to an AI-based image recognition software

| | Baseline | Endline |
|------------------------------------------------------------------------------------------------------------|------------|-----------|
| It can recognise the image of a car without having received any data beforehand. | 5 55.6% | 0 0.0% |
| It can recognise the image of a car if it has seen other images that have been labelled as cars by humans. | 9 100.0% | 9 100.0% |",teacher knowledge teacher knowledge misconception previously evident teacher relation ability recognise training resolve complete teacher recognise receive teacher follow description apply ai-based recognition recognise car receive recognise car label car
5,0.9627746175260731,0.9627746175260731,0.9255492350521461,sentiment_original_ai4t_wp3_d3_3_nr_ireland,original,not_synthetic,55,"Teachers' reaction to the AI4T professional learning pathway. 5.2 Teachers' reaction to the AI4T professional learning pathway

each of the parts (Table 14). | | n | % | |-------------------------------|-----|------| | Completely | 3 | 42.9 | | Pretty much/for the most part | 3 | 42.9 | | Somewhat/a little | 1 | 14.3 | | Not at all | 0 | 0.0 | Table 14. Numbers/percentages of teachers who completed the following parts of the AI4T professional learning pathway

| | Yes, entirely | Yes, entirely | Yes, partially | Yes, partially | No | No |
|-----------------------------------|-----------------|-----------------|------------------|------------------|------|------|
| | n | % | n | % | n | % |
| MOOC | 7 | 100.0 | 0 | 0.0 | 0 | 0.0 |
| AI for Teachers: An Open Textbook | 3 | 42.9 | 1 | 14.3 | 3 | 42.9 |
| Online webinar(s) | 5 | 71.4 | 1 | 14.3 | 1 | 14.3 |
| Face-to-face session | 7 | 100.0 | 0 | 0.0 | 0 | 0.0 |

Most teachers entirely or partially completed all four parts of the AI4T professional learning pathway. All seven teachers completed the MOOC and attended the face-to-face sessions, with the majority of them (71.4%) participating in the online webinars. The lower engagement rate with the online textbook (42.9%) are due to the late introduction of the book as part of the professional learning pathway. Teachers did not have access to it until they had completed the MOOC, but it was used by the facilitators of the pathway for their professional learning about AI. They also used sections of it as content during the online webinars when supporting the teachers (Table 14). Table 15.",teacher reaction professional teacher reaction professional completely pretty somewhat little teacher complete follow professional yes entirely yes entirely yes partially yes partially mooc teacher open webinar face-to-face teacher entirely partially complete professional seven teacher complete mooc attend face-to-face majority participate webinars engagement rate late introduction book professional teacher complete mooc facilitator professional webinars support teacher
5,0.9624751050989493,0.9624751050989493,0.9457216370953192,sentiment_original_ai4t_wp3_d3_3_nr_ireland,original,not_synthetic,30,"On professional learning about AI. 7.1 On professional learning about AI

Although teachers stated that they intend to use AI tools in their classroom practice, their responses illustrate clearly that we need to consider more carefully the design of future learning activities connected to teachers' everyday classroom activities to enable them to understand the main ideas of AI (i.e., that AI is a software that learns, that it adjusts, and that it processes data) and to be able to define clearly what it is and to point to examples in classroom practice. In short, teachers need to be supported through a range of focused professional learning pathways to enable them to develop an understanding of how to effectively use existing and future AI powered tools in their classroom. It is also necessary for developers to work with teachers to create more appropriate educational AI tools.",professional professional teacher intend illustrate clearly need carefully design connect teacher everyday main idea learn adjusts define clearly point short teacher need support focused professional exist powered necessary developer teacher
5,0.9594819520562978,0.9594819520562978,0.9202748954400521,sentiment_original_ai4t_wp3_d3_3_nr_ireland,original,not_synthetic,25,"Evaluation instruments. 2.3 Evaluation instruments

AI4T website. 1 Semistructured interviews (see Appendix 2 - Interview Guide) were conducted online using Zoom with nine teachers from the intervention group. The interviews took place from the 17th to 21st April inclusive after the administration of the endline questionnaires, and were all conducted by the principal investigator (Prof. Deirdre Butler) of the evaluation team. The interviews focused on the teachers' experience of the professional learning activities and AI tools. They covered the dimensions addressed in the questionnaires to provide a better understanding of the responses given by the participants. The teachers were also asked about their expectations and recommendations regarding AI policies. Figure 4. Calendar of the evaluation of the AI4T intervention",instrument instrument website semistructured conducted zoom teacher place inclusive administration conduct investigator deirdre butler team focus teacher experience professional dimension address teacher expectation recommendation calendar
6,1.0,1.0,1.0,sentiment_original_3remittancesreview_volume8_issue4saajdmalakand,original,not_synthetic,81,"Remittances Review

June, 2023

Volume: 8, No: 4, pp. 3625-3642

ISSN: 2059-6588 (Print) | ISSN 2059-6596 (Online)

| 20 | 46-60 | F | High School | Manufacturing | 2 | 5 |
|------|---------|-----|---------------|-----------------|-----|-----|
| 21 | 18-30 | M | High School | Retail | 5 | 1 |
| 22 | 31-45 | F | High School | Health Care | 3 | 3 |
| 23 | 18-30 | M | High School | Retail | 4 | 1 |
| 24 | 46-60 | F | High School | Manufacturing | 2 | 5 |
| 25 | 18-30 | M | Some College | Education | 5 | 1 |
| 26 | 31-45 | F | High School | Retail | 3 | 3 |
| 27 | 18-30 | M | High School | Retail | 4 | 2 |
| 28 | 46-60 | F | Some College | Health Care | 2 | 5 |
| 29 | 18-30 | M | High School | Retail | 5 | 1 |
| 30 | 31-45 | F | High School | Retail | 3 | 3 |

In light of the qualitative attributes and ordinal scale of the dataset, non-parametric statistical methodologies were judiciously selected for this investigation. Predominantly, Chi-Squared tests and Spearman's Rank Correlation Coefficient were utilized to evaluate the interrelationships among the delineated variables, namely ID, age, gender, level of educational attainment, employment sector, and the subjectively quantified measures of ""Optimism"" and ""Fear,"" each on a Likert scale ranging from 1 to 5. Descriptive Statistical Analysis In the realm of Optimism, the dataset manifested a mean score of 3.4, calculated via the formula: Mean Score (Optimism)=(4×11)+(3×11)+(2×5)+(5×3)30=3.4Mean Score (Optimism)=30(4×1 1)+(3×11)+(2×5)+(5×3)=3.4. Notably, the data exhibited bimodality with peaks at 3 and 4. As for the variable of Fear, the mean score coalesced at 2.93, as deduced by the formula: Mean Score (Fear)=(2×11)+(3×8)+(4×5)+(5×5)+130=2.93Mean Score (Fear)=30(2×11)+(3×8) +(4×5)+(5×5)+1=2.93, with the mode registering at 2.",review june volume print high manufacturing high retail high health care high retail high manufacturing college high retail high retail college health care high retail high retail light qualitative attribute ordinal scale non-parametric statistical methodology judiciously select investigation predominantly chi-squared test spearman rank correlation coefficient utilized evaluate interrelationship delineate variable age gender attainment employment sector subjectively quantified measure optimism fear scale descriptive statistical realm optimism manifest calculated formula optimism optimism notably bimodality peak variable fear coalesce deduced formula fear fear register
6,1.0,1.0,1.0,sentiment_original_3remittancesreview_volume8_issue4saajdmalakand,original,not_synthetic,76,"Data Collection and Structure

Female (F), and Other (O) 4. Education : Categorised into High School, Some College, and Bachelor's level 5. Employment : Categorised by sector (Retail, Health Care, Education, Manufacturing) 6. Optimism : Measured on a Likert scale from 1 to 5 (with 1 indicating extreme pessimism and 5 extreme optimism) 7. Fear : Measured on a Likert scale from 1 to 5 (with 1 indicating no fear and 5 extreme fear)

Table 4.1: Representation of AI Perception Among the Public in Dublin City

| ID | Age | Gender | Education | Employment | Optimism | Fear |
|------|-------|----------|--------------|---------------|------------|--------|
| 1 | 18-30 | M | High School | Retail | 4 | 2 |
| 2 | 31-45 | F | Some College | Health Care | 3 | 4 |
| 3 | 46-60 | M | High School | Manufacturing | 2 | 5 |
| 4 | 18-30 | F | Some College | Education | 5 | 1 |
| 5 | 31-45 | M | High School | Retail | 3 | 3 |
| 6 | 18-30 | F | High School | Retail | 4 | 2 |
| 7 | 46-60 | M | High School | Manufacturing | 2 | 4 |
| 8 | 18-30 | O | Some College | Education | 5 | 2 |
| 9 | 31-45 | M | High School | Retail | 3 | 3 |
| 10 | 18-30 | F | Some College | Health Care | 4 | 1 |
| 11 | 31-45 | M | High School | Retail | 3 | 4 |
| 12 | 46-60 | F | High School | Manufacturing | 2 | 5 |
| 13 | 18-30 | M | High School | Retail | 5 | 1 |
| 14 | 31-45 | F | Some College | Health Care | 3 | 3 |
| 15 | 18-30 | M | High School | Retail | 4 | 2 |
| 16 | 46-60 | F | High School | Manufacturing | 2 | 5 |
| 17 | 18-30 | M | Some College | Education | 5 | 1 |
| 18 | 31-45 | F | High School | Retail | 3 | 3 |
| 19 | 18-30 | M | High School | Retail | 4 | 2 |",collection structure female categorise high college bachelor employment categorise sector retail health care manufacture optimism measure scale indicate extreme pessimism extreme optimism fear measure scale indicate fear extreme fear representation perception public city age gender employment optimism fear high retail college health care high manufacturing college high retail high retail high manufacturing college high retail college health care high retail high manufacturing high retail college health care high retail high manufacturing college high retail high retail
6,1.0,1.0,1.0,sentiment_original_3remittancesreview_volume8_issue4saajdmalakand,original,not_synthetic,28,"Research Questions:

1. What are the prevalent themes of hope and fear towards AI in the public discourse in Dublin, Cork, and Limerick, and how do they contribute to the dominant narratives within the Republic of Ireland? 2. How do these localized narratives from Dublin, Cork, and Limerick inform the broader public's perception and acceptance of AI across Ireland? 3. How do demographic variables such as age, gender, education, and employment influence these narratives? 4. What are the potential impacts of these narratives on AI development strategies and public policy within the Republic of Ireland?",research prevalent theme hope fear public discourse contribute dominant narrative localize narrative inform broad public perception acceptance variable age gender employment influence narratives potential impact narratives strategy public
6,1.0,1.0,1.0,sentiment_original_3remittancesreview_volume8_issue4saajdmalakand,original,not_synthetic,34,"Remittances Review

June, 2023

Volume: 8, No: 4, pp. 3625-3642

ISSN: 2059-6588 (Print) | ISSN 2059-6596 (Online)

schema was employed on a dataset drawn from Cork City Centre, containing 30 respondents. This dataset furnished a heterogeneous demographic backdrop across various variables, including age, gender, educational levels, and employment sectors. Each respondent was evaluated for their levels of ""Optimism"" and ""Fear"" towards AI, employing a similar Likert scale ranging from 1 to 5, as represented in Table 4.2. This provides an invaluable comparative lens for understanding the sociocultural nuances that influence public attitudes towards AI.",review june volume print schema employ draw city centre contain furnish heterogeneous backdrop variable age gender employment sector evaluate optimism fear employ similar scale ranging represent invaluable comparative lens sociocultural nuance influence public attitude
6,1.0,1.0,1.0,sentiment_original_3remittancesreview_volume8_issue4saajdmalakand,original,not_synthetic,59,"Remittances Review

June, 2023

Volume: 8, No: 4, pp.

Remittances Review

June, 2023 Volume: 8, No: 4, pp. 3625-3642

ISSN: 2059-6588 (Print) | ISSN 2059-6596 (Online)

| 11 | 18-25 | M | High School | Warehouse Worker | 2 | 5 |
|------|---------|-----|---------------|--------------------|-----|-----|
| 12 | 26-35 | F | High School | Florist | 1 | 4 |
| 13 | 46-55 | M | High School | Farmer | 1 | 5 |
| 14 | 55+ | F | High School | Baker | 1 | 4 |
| 15 | 36-45 | M | High School | Dishwasher | 2 | 5 |
| 16 | 18-25 | F | High School | Hostess | 1 | 5 |
| 17 | 26-35 | M | High School | Street Vendor | 1 | 4 |
| 18 | 36-45 | F | High School | Housekeeper | 1 | 5 |
| 19 | 46-55 | M | High School | Fisherman | 2 | 4 |
| 20 | 55+ | F | High School | Retired | 2 | 5 |
| 21 | 26-35 | M | Some College | Bike Courier | 1 | 5 |
| 22 | 36-45 | F | High School | Massage Therapist | 1 | 4 |
| 23 | 46-55 | M | High School | Unemployed | 2 | 5 |
| 24 | 55+ | F | High School | Retired | 2 | 5 |
| 25 | 18-25 | M | High School | Car Wash Attendant | 1 | 4 |
| 26 | 26-35 | F | Some College | Dog Walker | 1 | 5 |
| 27 | 36-45 | M | High School | Security Guard | 1 | 4 |
| 28 | 46-55 | F | High School | Homemaker | 2 | 5 |
| 29 | 55+ | M | High School | Retired | 1 | 5 |
| 30 | 18-25 | F | High School | Gym Receptionist | 1 | 4 |

The dataset from Table 4.3 paints a nuanced picture of public perceptions towards artificial intelligence (AI) among 30 respondents in Limerick City Centre.",review june volume review june volume print high warehouse worker high florist high farmer high baker high dishwasher high hostess high street high housekeeper high fisherman high college bike courier high massage therapist high unemployed high high car wash attendant college dog walker high security guard high homemaker high high gym receptionist paint nuanced picture public perception city centre
7,1.0,1.0,1.0,sentiment_original_ai4t_wp3_d3_3_nr_ireland,original,not_synthetic,52,"4. Coding Process - Tagging - Example 1: Learning day unclear learning intentions

- lack of classroom relevance To be honest, I liked the way that it was set up. After the first day I felt I was a bit, I suppose, unsure about what exactly was being asked of us, you know. There was lots of, you know, information from speakers, etc. And it was all very interesting information, but honestly, I left just not entirely knowing what I was meant to do when I got back to school. Document: S2.docx Tags: Learning day - unclear learning intentions

I found them all useful, but I felt there should have been an additional talk that's saying: Listen, when you go back to school tomorrow, this is what we're asking you to do. And for it to be clear, because it wasn't clear. Somebody spoke about Photomath. They spoke … I heard about lots of AI technologies, but it wasn't like: this is what we're asking you to do. So I think that could have been just a little plainer to go back and just what the expectation was, ahead of the first check in. Document: S2.docx Tags: Learning day - unclear learning intentions

I think I would restructure the first day, include the talks but have a bit more structure about the expectations of what teachers are asked to do. Document:

S2.docx

Tags:

Learning day - unclear learning intentions",cod unclear intention lack relevance honest set felt suppose unsure exactly know know speaker interest honestly leave entirely know meant tags unclear intention useful felt additional talk listen tomorrow clear clear somebody speak spoke hear think little plain expectation ahead check unclear intention think restructure talk structure expectation teacher tags unclear intention
7,1.0,1.0,1.0,sentiment_original_ai4t_wp3_d3_3_nr_ireland,original,not_synthetic,64,"4. Coding Process - Tagging - Example 1: Learning day unclear learning intentions

I suppose one of the things with the face-to-face sessions is that the learning intentions were not especially clear. I'm coming from quite a teaching background saying that. It was just kind of introducing us to what AI is, and how it is being used in different industries. It wasn't necessarily guided by how we use it in the classroom. Document: E.docx Tags: Learning day - unclear learning intentions

I suppose when I left the initial launch day, I still wasn't entirely sure what I was going to do in my classroom. There was about fifteen minutes talking about Photomath, and then everything else was talking about, in general, what AI is. So, I think a bit more focus on … I'm selfish, like how am I going to apply this in the classroom? What am I going to do? But I also understand that you want it to have a bit of creativity, and you don't want to be like: teach this lesson. But maybe even an email, different ideas that we could have used, and different ways other teachers would have thought about it, Photomath in the classroom. Just a launchpad to jump off from. Document: E.docx

Tags: Learning day - unclear learning intentions

Yeah, I found it was just really short, and I didn't … like coming out of it, I didn't really know 100% what I really had to do in my classroom, but I knew one of the guys that was in it as well, and we kinda talked about it a bit as well, because we knew each other from college. Document: S1.docx Tags: Learning day - unclear learning intentions; Learning day - lack of classroom relevance

To be honest, I liked the way that it was set up. After the first day I felt I was a bit, I suppose, unsure about what exactly was being asked of us, you know. There was lots of, you know, information from speakers, etc.",cod unclear intention suppose thing face-to-face intention especially clear come teach background introduce industry necessarily guide unclear intention suppose leave initial launch entirely sure talk talk think focus selfish apply creativity teach maybe email idea teacher think launchpad jump unclear intention yeah short come know knew guy kinda talk knew college unclear intention lack relevance honest set felt suppose unsure exactly know know speaker
7,0.9701256903379302,0.9701256903379302,0.9402513806758603,sentiment_original_ai4t_wp3_d3_3_nr_ireland,original,not_synthetic,24,"c) Online seminars

In general, participants spoke a lot less about the online sessions than both the MOOC and the learning days. Many commented that the sessions were useful in terms of clarifying what they were expected to do in the classroom. Indicative comment: 'Just to see that we are going on the right path, and we are kind of using the app properly. Because, as I said, I missed the first one, so I kind of was like, oh, what am I actually really doing? And then the second one. I was kind of like, okay, I'm doing it properly in the classroom.'

Participants also discussed that the sessions were useful for exchanging ideas about the project and its implementation in their school. Indicative comment: 'But then when we had the follow-up meetings, then I could hear what my colleagues were doing, what we were struggling with, and from then on it was much easier to gauge what everyone else was doing and what I could do too.'",seminar speak mooc useful term clarify expect path properly missed second okay properly discuss useful exchange ideas follow-up meeting hear colleague struggle easy gauge
7,0.9063603857416845,0.9063603857416845,0.8407937407576083,sentiment_original_ai4t_wp3_d3_3_nr_ireland,original,not_synthetic,52,"a) Learning days

to have the point of view of everybody else, and to see why people agreed with certain statements. We kind of … sometimes you're stuck in your own opinions, and then somebody else kind of explains their opinion about it, and you're thinking, oh, yeah, I can see that now. I wouldn't have seen it beforehand, but having the chat here, I can see how that could be a problem or how it's not a problem, you know.'

Some critical feedback about the learning days related to the lack of clear learning intentions for the pathway, and how participants left the first day without a clear understanding of how they were supposed to implement AI in the classroom. Indicative comment: 'I suppose when I left the initial launch day, I still wasn't entirely sure what I was going to do in my classroom. There was about fifteen minutes talking about Photomath, and then everything else was talking about, in general, what AI is. So, I think a bit more focus on … I'm selfish, like how am I going to apply this in the classroom? What am I going to do?'

Relatedly, some participants also spoke about how the information they learnt about AI in the learning day (particularly the first day) was not relevant to their classroom practice. Indicative comment: 'And the first day I found it was very interesting, but I found that there wasn't much towards the AI that we would be using in the class, and it was just, I suppose, like most of it, it was really good to know about it, but I'd rather if there was a lot more, maybe like, could be a half an hour or an hour on what we would actually be doing in our classrooms.'

Figure 14: Teachers' feedback relating to the AI4T professional learning pathway",point view people statement stuck opinion somebody explain opinion think yeah chat problem problem know critical feedback lack clear intention leave clear suppose suppose leave initial launch entirely sure talk talk think focus selfish apply relatedly speak learnt particularly interest found class suppose good know maybe half hour hour teacher feedback professional
7,0.9055642533677241,0.9055642533677241,0.8264846649271161,sentiment_original_ai4t_wp3_d3_3_nr_ireland,original,not_synthetic,62,"5. Coding Process - Tagging - Example 2: Benefits of multiple subjects in AI4T

So I think it was great to have different maths teachers. And I know that it was quite a different spread of interests and experience. But also it was very good to have a different subject as well, and understanding how a humanities subject would bring in this technology, and their concerns. So having colleagues there from different schools and different experiences focused the learning on all classes. Not just your own specific context. Document: E.docx Tags: Benefit of multiple subjects in AI4T

D: That's interesting that you said not just maths teachers in the group … Were there aspects that the humanities people brought up that you hadn't thought about? E: Yeah I think-maybe I'm generalising-but they would talk a lot more about the risks … We're very black and white in maths, it's like: You're right, three points, three out of five, done done done. Whereas it's a lot more like, can AI capture the language? Can it pronounce everything? And things like that. So being able to understand more subtle uses for AI, instead of being like, this is the answer. Did you get the answer? Document: E.docx Tags: Benefit of multiple subjects in AI4T

No, I think it's beneficial, certainly, because oftentimes there are kinds of cross-curricular links, as you know yourself, in schools. And that's really important to be able to do that. And I found myself, I was coming back to the maths department in my own school and thinking, oh, have you tried this app, I just heard about it. And so, even if I couldn't use it, I was able to share that across the board so that others could share it, even though they weren't necessarily part of the project.",cod benefit subject think great maths teacher know spread interest experience good subject humanity subject bring concern colleague experience focus class context benefit subject interest maths teacher aspect humanity people bring think yeah think-maybe generalising-but talk risk white math point capture language pronounce thing subtle instead benefit subject think beneficial certainly oftentimes cross-curricular link know come math think tried heard board necessarily
8,1.0,1.0,1.0,sentiment_original_20251119_les_francais_lia,original,not_synthetic,118,"Effets positifs et négatifs perçus du développement du numérique par secteur

Cette figure présente les effets perçus du développement des usages numériques dans différents secteurs et aspects de la vie. Les résultats sont les suivants :

- Les entreprises, l’économie : 74 % d’effets positifs, 16 % d’effets négatifs. - La capacité à être bien informé en ayant accès à différentes sources : 73 % positifs, 20 % négatifs. - L’accès à la culture, à l’art et aux loisirs : 73 % positifs, 15 % négatifs. - L’éducation, les apprentissages, la formation tout au long de la vie : 68 % positifs, 24 % négatifs. - La communication entre les personnes et avec ses proches : 63 % positifs, 30 % négatifs. - Les conditions de travail et l’emploi : 63 % positifs, 24 % négatifs. - La santé des personnes : 62 % positifs, 26 % négatifs. - La sécurité des biens et des personnes : 58 % positifs, 28 % négatifs. - Le bien-être des personnes : 52 % positifs, 35 % négatifs. - L’inclusion sociale : 50 % positifs, 32 % négatifs. - La manière de consommer : 50 % positifs, 36 % négatifs. - La lutte contre le changement climatique : 47 % positifs, 33 % négatifs. Les réserves existent, mais se concentrent sur des sujets plus sensibles : l'inclusion (50 % d'avis positifs contre 32 % négatifs), les modes de consommation (50 % contre 36 %), et, surtout, la lutte contre le changement climatique, pour laquelle seuls 47 % des répondants jugent l'impact du numérique positif, contre 33 % qui l'estiment négatif. Les opportunités sont massivement relevées : 92 % des répondants évoquent la recherche et l'innovation, 82 % la santé et le bien-être, 82 % pour l'emploi et la formation.",effets positifs négatifs perçus développement numérique secteur présente effets perçus développement usage numériques différents secteurs aspect vie résultats suivants entreprises économie effets positifs effets négatifs capacité bien informé accès différentes source positifs négatifs accès culture art loisirs positifs négatifs apprentissages long vie positifs négatifs communication entre personnes proches positifs négatifs condition travail emploi positifs négatifs santé personnes positifs négatifs sécurité biens personnes positifs négatifs bien-être personnes positifs négatifs inclusion sociale positifs négatifs consommer positifs négatifs lutte contre changement climatique positifs négatifs réserves existent concentrent sujets sensibles inclusion avis positifs contre négatifs consommation contre surtout lutte contre changement climatique laquelle seuls répondants jugent impact numérique positif contre estiment négatif opportunités massivement relevées répondants évoquent recherche innovation santé bien-être emploi
8,1.0,1.0,1.0,sentiment_original_20251119_les_francais_lia,original,not_synthetic,84,"Impact perçu du développement du numérique sur les entreprises françaises et la société française

Cette figure compare la manière dont les répondants français perçoivent l’impact global du développement du numérique sur les entreprises françaises et sur la société française en général. Pour les entreprises françaises, les effets positifs dominent fortement. - Très positifs : 18 %
- Plutôt positifs : 62 %
- Plutôt négatifs : 8 %
- Très négatifs : 3 %
- Ne sait pas : 9 %
- Total effets positifs : 80 %
- Total effets négatifs : 11 %

Pour la société française en général, les perceptions restent majoritairement positives, mais moins nettement que pour les entreprises. - Très positifs : 10 %
- Plutôt positifs : 53 %
- Plutôt négatifs : 22 %
- Très négatifs : 7 %
- Ne sait pas : 8 %
- Total effets positifs : 63 %
- Total effets négatifs : 29 %

Pour l'IA, l'appréciation est plus réservée. Certes, 60 % des répondants estiment qu'elle est susceptible d'avoir des effets positifs pour les entreprises, mais ce pourcentage tombe à 47 % lorsqu'il s'agit de projeter ses éventuels effets positifs sur la société. La technologie en ellemême ne semble pas rejetée : elle invite à la mesure, à la prudence et, peut-être, à l'hésitation.",impact perçu développement numérique entreprises françaises société française compare répondants français perçoivent impact global développement numérique entreprises françaises société française général entreprises françaises effets positifs dominent fortement positifs plutôt positifs plutôt négatifs négatifs sait effets positifs effets négatifs société française général perception restent majoritairement positive nettement entreprises positifs plutôt positifs plutôt négatifs négatifs sait effets positifs effets négatifs appréciation réservée certes répondants estiment susceptible effets positifs entreprises pourcentage tombe lorsque agit projeter éventuels effets positifs société ellemême semble rejetée invite mesure prudence peut-être hésitation
8,1.0,1.0,1.0,sentiment_original_20251119_les_francais_lia,original,not_synthetic,80,"Sur la société française en général

- Ensemble : 47 % positifs, 37 % négatifs, 16 % ne sait pas. - Hommes : 55 % positifs, 35 % négatifs, 10 % ne sait pas. - Femmes : 40 % positifs, 40 % négatifs, 20 % ne sait pas. - 18–24 ans : 60 % positifs, 35 % négatifs, 5 % ne sait pas. - 25–34 ans : 54 % positifs, 37 % négatifs, 9 % ne sait pas. - 35–49 ans : 49 % positifs, 35 % négatifs, 16 % ne sait pas. - 50–64 ans : 44 % positifs, 37 % négatifs, 19 % ne sait pas. - 65 ans et plus : 39 % positifs, 42 % négatifs, 19 % ne sait pas. - Revenus faibles : 41 % positifs, 42 % négatifs, 17 % ne sait pas. - Revenus moyens : 50 % positifs, 36 % négatifs, 14 % ne sait pas. - Revenus élevés : 53 % positifs, 31 % négatifs, 16 % ne sait pas. - Inférieur au Bac : 37 % positifs, 46 % négatifs, 17 % ne sait pas. - Bac : 49 % positifs, 36 % négatifs, 15 % ne sait pas. - Bac +2 : 48 % positifs, 37 % négatifs, 15 % ne sait pas. - Supérieur à Bac +2 : 51 % positifs, 34 % négatifs, 15 % ne sait pas. - Utilisateurs réguliers de l’IA : 82 % positifs, 16 % négatifs, 2 % ne sait pas. - Non-utilisateurs de l’IA : 16 % positifs, 60 % négatifs, 24 % ne sait pas. Autrement dit : l'usage nourrit la compréhension, son absence nourrit la crainte.",société française général ensemble positifs négatifs sait hommes positifs négatifs sait femmes positifs négatifs sait positifs négatifs sait positifs négatifs sait positifs négatifs sait positifs négatifs sait positifs négatifs sait revenus faibles positifs négatifs sait revenus moyens positifs négatifs sait revenus élevés positifs négatifs sait inférieur bac positifs négatifs sait bac positifs négatifs sait bac positifs négatifs sait supérieur bac positifs négatifs sait utilisateurs réguliers positifs négatifs sait non-utilisateurs positifs négatifs sait autrement dit usage nourrit compréhension absence nourrit crainte
8,1.0,1.0,1.0,sentiment_original_20251119_les_francais_lia,original,not_synthetic,94,"Sur les entreprises françaises. Impact perçu de l'IA selon le genre, l'âge, le revenu, le diplôme et l'usage de l'IA

Cette figure compare les perceptions de l’impact de l’intelligence artificielle selon différents groupes sociaux. Elle distingue l’impact perçu sur les entreprises françaises et sur la société française en général.

Sur les entreprises françaises

- Ensemble : 60 % positifs, 25 % négatifs, 15 % ne sait pas. - Hommes : 68 % positifs, 22 % négatifs, 10 % ne sait pas. - Femmes : 52 % positifs, 29 % négatifs, 19 % ne sait pas. - 18–24 ans : 68 % positifs, 25 % négatifs, 7 % ne sait pas. - 25–34 ans : 67 % positifs, 25 % négatifs, 8 % ne sait pas. - 35–49 ans : 59 % positifs, 25 % négatifs, 16 % ne sait pas. - 50–64 ans : 55 % positifs, 25 % négatifs, 20 % ne sait pas. - 65 ans et plus : 58 % positifs, 26 % négatifs, 16 % ne sait pas. - Revenus faibles : 50 % positifs, 33 % négatifs, 17 % ne sait pas. - Revenus moyens : 64 % positifs, 24 % négatifs, 12 % ne sait pas. - Revenus élevés : 67 % positifs, 17 % négatifs, 16 % ne sait pas. - Inférieur au Bac : 48 % positifs, 33 % négatifs, 19 % ne sait pas. - Bac : 60 % positifs, 27 % négatifs, 13 % ne sait pas. - Bac +2 : 61 % positifs, 24 % négatifs, 15 % ne sait pas. - Supérieur à Bac +2 : 65 % positifs, 21 % négatifs, 14 % ne sait pas. - Utilisateurs réguliers de l’IA : 89 % positifs, 9 % négatifs, 1 % ne sait pas. - Non-utilisateurs de l’IA : 33 % positifs, 42 % négatifs, 25 % ne sait pas.",entreprises françaises impact perçu genre âge revenu diplôme usage compare perception impact différents groupes sociaux distingue impact perçu entreprises françaises société française général entreprises françaises ensemble positifs négatifs sait hommes positifs négatifs sait femmes positifs négatifs sait positifs négatifs sait positifs négatifs sait positifs négatifs sait positifs négatifs sait positifs négatifs sait revenus faibles positifs négatifs sait revenus moyens positifs négatifs sait revenus élevés positifs négatifs sait inférieur bac positifs négatifs sait bac positifs négatifs sait bac positifs négatifs sait supérieur bac positifs négatifs sait utilisateurs réguliers positifs négatifs sait non-utilisateurs positifs négatifs sait
8,1.0,1.0,1.0,sentiment_original_20251119_les_francais_lia,original,not_synthetic,70,"Impact perçu de l'intelligence artificielle sur les entreprises françaises et la société française

Cette figure compare la manière dont les répondants français perçoivent l’impact global de l’intelligence artificielle sur les entreprises françaises et sur la société française en général. Pour les entreprises françaises, les perceptions sont majoritairement favorables. - Très positifs : 13 %
- Plutôt positifs : 47 %
- Plutôt négatifs : 16 %
- Très négatifs : 9 %
- Ne sait pas : 15 %
- Total effets positifs : 60 %
- Total effets négatifs : 25 %

Pour la société française en général, l’opinion est davantage partagée. - Très positifs : 9 %
- Plutôt positifs : 38 %
- Plutôt négatifs : 25 %
- Très négatifs : 12 %
- Ne sait pas : 16 %
- Total effets positifs : 47 %
- Total effets négatifs : 37 %

Car s'agissant de l'IA, la part des indécis est nettement plus élevée que pour le numérique : 1 français sur 7 ne parvient pas à avoir une opinion tranchée sur les effets de l'IA sur nos vies. Cette indécision ne traduit pas seulement une hésitation, mais une difficulté de projection et, sans doute, d'appropriation.",impact perçu entreprises françaises société française compare répondants français perçoivent impact global entreprises françaises société française général entreprises françaises perception majoritairement favorables positifs plutôt positifs plutôt négatifs négatifs sait effets positifs effets négatifs société française général opinion davantage partagée positifs plutôt positifs plutôt négatifs négatifs sait effets positifs effets négatifs car agissant indécis nettement élevée numérique français parvient opinion tranchée effets vie indécision traduit seulement hésitation difficulté projection doute appropriation
