topic,representativeness_score,topic_confidence,topic_margin,doc_id,country,source_type,nmf_token_count,heading_context,nmf_source_text,nmf_clean_text
0,1.0,1.0,1.0,policy_ai_in_australian_education_snapshot_principles_policy_and_practice_august_2023,australia,original,243,Ethical principles for artificial intelligence in K-12 education,"Ethical principles for artificial intelligence in K-12 education

https://doi.org/10.1016/j.caeai.2023.100131

Summary of 4 educational aligned ethical principles Screen shot from summary table

Analysis of AIEdK-12 ethics guidance documents according to ethical principle.

Ethical principles for artificial intelligence in K-12 education

https://doi.org/10.1016/j.caeai.2023.100131 Summary of 4 educational aligned ethical principles Screen shot from summary table Analysis of AIEdK-12 ethics guidance documents according to ethical principle. | AI Ethics Guideline Document -> | World Economic Forum (2019) | IEAIED (2021a) | UNESCO (2021) | UNICEF (2021) |
|-----------------------------------------------------------------------------------------------------------------------------------------------------------------------------------------------------------------------------------------------------------|---------------------------------------------------------------------------|--------------------------------------------------|--------------------------------------------------------------------------------------------------------------------------------------------------------|-----------------------------------------------------------------------------------------|
| Ethical Principle/Constituency | International | UK &beyond | International | International |
| Transparencya Key words:Transparency,explainability, explicability,understandability, interpretability,communication, disclosure, | Ensuring algorithmic accountability | Transparency and Accountability | principle for Ar) | Provide transparency, explainability,and accountabilityforchildren |
| showing,age-appropriate language Justice&fairness Key words: Justice, fairness, consistency, inclusion,equality,equity,(non-)bias, (non-) discrimination, diversity,plurality, accessibility,reversibility,remey,rere, challenge, access and distribution | Accounting for marginalized groups; Ensuring fairness in machine learning | Equity | Policies andregulationsforequitable, inclusive,and ethical use of AI | Ensure inclusion of and for children;Prioritizefairness &non-discriminationfor children |
| Non-maleficencea Key words:Non-maleficence, security, safety, harm, protection, precaution, prevention, integrity (bodily or mental), non-subversion | (addressed under other categories) | Ethical Design | (addressed under other categories) | Ensure safetyforchildren |
| Responsibilitya Key words:Responsibility,accountability, liability, acting with integrity | Consumer Protection | Transparency and Accountability | (addressed under“Overarching principle for Ar) | Provide transparency, explainability,and accountabilityforchildren |
| Privacy"" Key words:Privacy,personal or private information;“right tobeforgotten""(RTBF) | Privacy | Privacy | Establish data protection laws which make educational data collection and analysis visible, traceable, and auditable by teachers, students and parents | Protect children'sdata and privacy |
| Beneficencea Key words:enefitsbeneficence,well-being, peace,social good,common good | Recognizing developmental science in policy | Achieving Educational Goals | (addressed under other categories: “Emphasize students’agency and social well-being in the process of integrating Al-based tools"") | Support children's development and well-being |
| Freedom& autonomya Key words:Freedom,autonomy,consent,assent, choice, self-determination, liberty, empowerment | Agency | Autonomy; Informed Participation | Cultivate learner-centred use of AI to enhnce learning and assessment (reinforceandreiteratehuman's autorityandautonomyovertheirown learning) | Protectchildren'sdata and privacy;Ensure safety for children |
| Pedagogical appropriateness Keywords:Appropriate use,educational research-based, evidence-based, alignment with learner needs, child-centred AI, developmentally appropriate | Algorithms for Children; Assessment and Evaluation | Achieving Educational Goals; Forms of Assessment | Pilot testing,monitoring and evaluation,andbuildinganevidence base | Create an enabling environment;Support children's development and well-being |
| Children's rights Keywords: Children's or child rights | ChildRights | (addressed under other categories) | principlefor Ar) | Empower governments and businesses withknowledge of AI and children'srights |
| AIliteracy Keywords:AIliteracy; digital literacy;AI curriculum; AI education | Public education | Informed Participation | Integrate Al-related skills into school curricula | Prepare childrenfor present andfuturedevelopmentsin AI |
| Teachers'well-being Keywords:Teacher well-being; teacher workload;teacher empowerment | | Administration and Workload | Ensure that AI is used to empower teachers | |",ethical principle summary align ethical principle screen shot summary analysis ethic guidance accord ethical principle ethical principle summary align ethical principle screen shot summary analysis ethic guidance accord ethical principle ethic guideline world economic forum ieaied unesco unicef ethical principle constituency international international international transparencya word transparency explainability explicability understandability interpretability communication disclosure algorithmic accountability transparency accountability principle transparency explainability accountabilityforchildren language justice fairness word justice fairness consistency inclusion equality equity bias discrimination diversity plurality accessibility reversibility remey rere distribution accounting marginalize group fairness equity andregulationsforequitable inclusive ethical inclusion child prioritizefairness child word security safety harm protection precaution prevention integrity bodily mental addressed category ethical design address category safetyforchildren responsibilitya word responsibility accountability liability act integrity consumer protection transparency accountability address overarch principle transparency explainability accountabilityforchildren privacy word privacy personal private tobeforgotten rtbf privacy privacy protection collection analysis visible traceable auditable parent protect child sdata privacy beneficencea word enefitsbeneficence peace social good common good recognizing developmental science achieve address category emphasize agency social integrate child freedom autonomya word freedom autonomy consent assent choice liberty empowerment agency autonomy inform participation cultivate enhnce assessment reinforceandreiteratehuman autorityandautonomyovertheirown protectchildren sdata privacy safety child pedagogical appropriateness keywords alignment learner developmentally child assessment evaluation achieve form assessment pilot test monitor evaluation andbuildinganevidence base environment child child keywords child child childrights address category principlefor empower business withknowledge child srights ailiteracy keywords ailiteracy literacy curriculum public inform participation integrate skill curriculum prepare childrenfor present andfuturedevelopmentsin keywords workload empowerment administration workload empower
0,1.0,1.0,1.0,policy_generative_artificial_intelligence_guidelines,australia,original,68,3.1. Privacy and security,"3.1. Privacy and security. 3. Using generative AI ethically, safely and responsibly

Generative AI, while powerful and innovative, does have limitations such as bias, accuracy and reliability, and privacy concerns. It is imperative staff consider the advice below regarding safety and ethical considerations before using generative AI.

3.1. Privacy and security

When interacting with generative AI tools, it is essential to be aware of the potential privacy risks associated with the storage and analysis of conversations and personal data, to ensure compliance with the Information Privacy Principles as set out in the Information Act 2002 . To minimise privacy and security risks, it is important to:

- ensure you do not enter any personal or identifiable information, including student work or details into generative AI tools, any personal information should be de-identified
- ensure you use approved generative AI tools to manage the risk that personal and sensitive information might be disclosed to external parties, used to train generative AI language models, or saved or stored for future use by the tool provider
- ensure you do not upload photos of students, staff or your school to generative AI tools
- ensure you do not upload any official government information, including draft documents, which are either protected, sensitive or confidential only use information that is classified as public.",privacy security ethically safely responsibly powerful innovative limitation bias accuracy reliability privacy concern imperative staff advice safety ethical privacy security interacting essential aware potential privacy risk associate storage analysis conversation personal compliance privacy principle set act minimise privacy security risk enter personal identifiable detail personal approved manage risk personal sensitive disclose external party train language save stored provider upload photos staff upload official protect sensitive confidential classify public
0,1.0,1.0,1.0,policy_ai_in_australian_education_snapshot_principles_policy_and_practice_august_2023,australia,original,63,Consider,"Consider. Three-step policy guidance process: consider, select, enact

This figure presents a three-step process for moving from AI policy principles to action. 1. Consider: Analyse the principle for clarity, measurability, enforceability, and urgency. 2. Select: Choose a response category with increasing complexity and time required for change. The response categories are:
- Activate
- Assess
- Review
- Redefine
3. Enact: Begin work according to the selected response category using the NIST AI Risk Management Framework.

Consider

This stage analyses the principle under questions of:

- Clarity - Is it clear what is being asked? Is this entirely new or an amendment to something existing? Have the affected stakeholders and their changed responsibilities been identified? - Measurability - How would the principle in action be measured? Through what means: technology audit and reporting, warrants from suppliers or oversight by a party? - Enforceability - what jurisdiction exists over stakeholders? What enforcement powers exist now or could be developed? What other forms or influence or control could be exerted? Who would be responsible for making it happen?",guidance present principle action analyse principle clarity measurability enforceability urgency choose response category increase complexity time response category activate assess review redefine begin accord response category nist risk management framework stage analyse principle clarity clear entirely amendment exist affect changed responsibility measurability principle action measure audit warrant supplier oversight party enforceability jurisdiction exist enforcement power exist form influence control exert responsible making happen
0,1.0,1.0,1.0,policy_ai_in_australian_education_snapshot_principles_policy_and_practice_august_2023,australia,original,62,Core challenges in getting principles into practices,"Core challenges in getting principles into practices

in that county have to implement these through arrangements with those providers. - LLM companies are joining voluntary commitments that are focused on current technical capabilities, but this could blunt motivation for more widespread ethical enforcement ambitions. - Some AI principles extend, conflict or overlap with current policies and guidelines. - Schools are not resourced, nor technically capable to enact the principles and will be relying on providers who are outside the jurisdiction. This is an urgency to act given the speed of adoption of AI and the risks being experienced now and that are foreseeable, for example:

- end users are using the tools today in increasingly diverse and embedded ways,
- data are being collected today against data protection rules, and
- future AI's may be uncompetitive with those which have had the opportunity to harvest teacher and student activities to be trained from. This means there are multiple groups, with overlapping remits, different resourcing, different jurisdiction, and there are different levels of agreement, accountabilities and even definition. It is our view that, beyond the principles, there is a need to identify activities, current and future, in pursuit of enacting the principles. The below are just some examples.",core principle county arrangement provider company join voluntary commitment focus current capability blunt motivation widespread ethical enforcement ambition principle extend conflict overlap current guideline technically capable principle rely provider outside jurisdiction urgency act speed adoption risk experience foreseeable end user today increasingly diverse embedded collect today protection rule uncompetitive harvest train group overlap remit jurisdiction agreement accountabilities definition principle current pursuit principle
0,1.0,1.0,1.0,policy_ai_in_australian_education_snapshot_principles_policy_and_practice_august_2023,australia,original,64,Rationale for this principle,"Rationale for this principle

privacy, fairness, equality and robustness. It further recognises the costs of protecting from these risks, including by building transparency, accountability, safety and security into AI systems. It also recognises that different uses of AI present different risks, and some risks require a higher standard of prevention or mitigation than others. A risk management approach, applied throughout the AI system lifecycle, can help to identify, assess, prioritise and mitigate potential risks that can adversely affect a system's behaviour and outcomes. Other OECD standards on risk management, for example in the context of digital security risk management and risk-based due diligence under the MNE Guidelines and OECD Due Diligence Guidance for Responsible Business Conduct, may offer useful guidance1. Documenting risk management decisions made at each lifecycle phase can contribute to the implementation of the other principles of transparency (1.3) and accountability (1.5).",rationale principle privacy fairness equality robustness recognise cost protect risk build transparency accountability safety security recognise present risk risk higher standard prevention mitigation risk management apply lifecycle help assess prioritise mitigate potential risk adversely affect behaviour outcome standard risk management context security risk management diligence mne guideline diligence guidance responsible business conduct offer useful guidance risk management decision lifecycle phase contribute principle transparency accountability
1,1.0,1.0,1.0,policy_ai_cognitive_offloading_and_implications_for_education,australia,original,103,"Wolf, M. (2016). Tales of literacy for the 21 st century: The literary agenda . Oxford University Press.","Wolf, M. (2016). Tales of literacy for the 21 st century: The literary agenda . Oxford University Press.

for providing incorrect information, and there are numerous moral and ethical issues surrounding these technologies. The authors argue that substantial, rigorous research is needed to understand the impact of these technologies on learning, echoing the critique of Weidlich et al. (2025). Zhai, C., Wibowo, S., &amp; Li, L. D. (2024). The effects of over-reliance on AI dialogue systems on students' cognitive abilities: A systematic review. Smart Learning Environments, 11 (1), Article 28. https://doi.org/10.1186/s40561-024-00316-7

A relatively small systematic review of 14 articles demonstrating that reliance on generative AI can have negative consequences for learners. The key finding is that efficiency is one of the core reasons for an over-reliance on AI developing. This review provides the motivational why for detrimental offloading: students are making a metacognitive choice to offload (as per Dunn &amp; Risko, 2016) because they are prioritising the goal of task efficiency over the (more effortful) goal of learning. Zhang, L., &amp; Xu, J. (2025). The paradox of self-efficacy and technological dependence: Unraveling generative AI's impact on university students' task completion. The Internet and Higher Education, 65 , 100978. https://doi.org/10.1016/j. iheduc.2024.100978

This study introduces a crucial psychological nuance to the cognitive offloading debate: the 'paradox of self-efficacy.' The authors found that while AI use increased students' task-related self-efficacy, it also intensified their technological dependence. This provides a powerful explanation for why students choose to offload, even to their own detriment. The AI-induced feeling of competence ('fluency') acts as a misleading metacognitive cue, signalling that deep engagement is unnecessary. This paper provides the why for the metacognitive laziness described by Fan et al. (2024) and directly complements the findings of Lee et al. (2025). For more information about this publication, please email edtechnetwork@uts.edu.au.",wolf tale literacy century literary agenda oxford university press incorrect numerous moral ethical surround argue substantial rigorous research echo critique weidlich zhai wibowo effect dialogue cognitive ability systematic review smart environment relatively small systematic review demonstrate reliance negative consequence learner efficiency core reason review motivational detrimental offload metacognitive choice offload dunn risko prioritise task efficiency effortful zhang paradox dependence unravel university task completion high iheduc study introduces crucial psychological nuance cognitive offload paradox increase intensified dependence powerful explanation choose offload detriment feeling competence fluency act mislead metacognitive cue signal deep engagement unnecessary paper metacognitive laziness fan directly complement lee publication email edtechnetwork edu
1,1.0,1.0,1.0,policy_ai_cognitive_offloading_and_implications_for_education,australia,original,155,Appendix: Annotated bibliography,"Appendix: Annotated bibliography

(2), Article 203. https://doi. org/10.3390/brainsci15020203 This systematic review connects Cognitive Load Theory, AI, and Educational Neuroscience (EdNeuro). Its primary contribution is to advocate for the use of neurophysiological tools (e.g., EEG, fNIRS) to objectively measure cognitive load, moving beyond the self-report scales used in studies like Ejaz et al. (2025). The authors argue that AI-driven adaptive systems, informed by real-time neuroscientific insights into a learner's cognitive state, can optimise instruction. This paper provides a neuroscientific and methodological foundation for the beneficial offloading hypothesis, where AI could (in theory) manage extraneous load with high precision, freeing resources for germane load. Glickman, M., &amp; Sharot, T. (2025). How human-AI feedback loops alter human perceptual, emotional and social judgements. Nature Human Behaviour, 9 (2), 345-359. https://doi.org/10.1038/s41562-024-02077-2

In a set of large studies with over 1,400 participants, the researchers found that ongoing interactions and feedback loops between learners and AI tend to generate a drift towards amplifying biases (usually negative). This is interesting but needs further exploration. In a CLT context, this bias amplification could be seen as introducing a novel form of extraneous cognitive load that actively hinders, rather than helps, the learning process. Grace, S. L. (2025). Finding equilibrium: An integrative approach to balancing human and artificial intelligence in legal research. Legal Reference Services Quarterly, 44 (1), 1-32. https://doi.org/10.1080/0270319X.2025.2534229

This theoretical article applies cognitive psychology frameworks, including Cognitive Load Theory, distributed cognition, and metacognition, to the use of generative AI in legal research. It warns that while AI promises efficiency, it risks cognitive overload, overreliance, and the erosion of metacognitive habits. The paper introduces the concept of 'intelligence equilibrium,' a state where AI complements rather than replaces human analysis. It argues that achieving this equilibrium requires instructional strategies focused on a 'verification mindset,' where the human (the learner) maintains primary cognitive agency and continuously evaluates and corrects the AI output. Grinschgl, S., Papenmeier, F., &amp; Meyerhoff, H. S. (2021). Consequences of cognitive offloading: Boosting performance but diminishing memory. Quarterly Journal of Experimental Psychology, 74 (9), 1477-1496. https://doi.",annotate brainsci systematic review connects cognitive load theory neuroscience edneuro contribution advocate neurophysiological eeg fnirs objectively measure cognitive load scale study ejaz argue adaptive inform neuroscientific insight learner cognitive optimise instruction paper neuroscientific methodological foundation beneficial offload hypothesis theory manage extraneous load high precision free germane load glickman sharot feedback alter perceptual emotional social judgement nature behaviour set large study participant ongoing interaction feedback loops learner tend generate drift amplify bias usually negative interesting exploration clt context bias amplification introduce novel form extraneous cognitive load actively hinders help grace equilibrium integrative balance legal research legal quarterly theoretical applies cognitive psychology framework cognitive load theory distribute cognition metacognition legal research warn promise efficiency risk cognitive overload overreliance erosion metacognitive habit paper introduces concept equilibrium complement replaces analysis argue achieve equilibrium instructional strategy focus verification mindset learner cognitive agency continuously evaluate corrects output grinschgl papenmeier meyerhoff consequence cognitive offload boost performance diminish memory quarterly journal experimental psychology
1,1.0,1.0,1.0,policy_ai_cognitive_offloading_and_implications_for_education,australia,original,155,Appendix: Annotated bibliography,"Appendix: Annotated bibliography

325-334. https://doi.org/10.30564/fls.v7i7.10072 This paper provides a direct, pedagogical intervention to distinguish beneficial from detrimental offloading. This quasiexperimental study (n=240) tested a cognitive offload instruction model where students were explicitly taught to delegate lower-order writing tasks (e.g., brainstorming, grammar) to AI, compelling them to focus on higher-order analysis, evaluation, and reflection. The results showed that this experimental group had significantly greater improvements in critical thinking assessments and essay quality compared to controls. This study is a critical synthesis, empirically demonstrating the beneficial offloading hypothesis (Iqbal et al., 2025) and confirming the central thesis of Weidlich et al. (2025) that pedagogy , not the medium, drives learning. Iqbal, J., Hashmi, Z. F., Asghar, M. Z., &amp; Abid, M. N. (2025). Generative AI tool use enhances academic achievement in sustainable education through shared metacognition and cognitive offloading among preservice teachers. Scientific Reports, 15 (1), Article 16610. https://doi.org/10.1038/s41598-025-01676-x

This quantitative study (n=465) used a time-lag survey design to model the factors influencing academic achievement among preservice teachers using AI. The study found that AI tool use was positively associated with achievement. Critically, this relationship was fully mediated by two key cognitive factors: shared metacognition (SMC) and cognitive offloading (COL) . Both SMC and COL were found to be strong positive mediators, indicating that AI tools enhance learning when they facilitate collaborative metacognition and effectively offload lower-order cognitive tasks (i.e., extraneous load), thereby freeing resources for higher-order learning. Jose, B., Cherian, J., Verghis, A. M., Varghise, S. M., S, M., &amp; Joseph, S. (2025). The cognitive paradox of AI in education: Between enhancement and erosion. Frontiers in Psychology, 16 , Article 1550621. https://doi.org/10.3389/fpsyg.2025.1550621

This theoretical review paper explicitly explores the cognitive paradox of AI in education, arguing that AI can simultaneously enhance lower-order skills (like recall) while eroding higher-order critical thinking. The authors use Cognitive Load Theory and Self-Determination Theory to frame this conflict. They posit that while AI can reduce cognitive load, an over-reliance on it as a substitute for mental effort (i.e., cognitive offloading) can compromise learner autonomy and stifle the development of analytical skills.",annotated paper direct pedagogical intervention distinguish beneficial detrimental offload quasiexperimental study test cognitive offload instruction explicitly taught delegate writing task brainstorm grammar compelling focus analysis evaluation reflection result experimental group significantly great improvement critical thinking assessment essay quality compare control study critical synthesis empirically demonstrate beneficial offload hypothesis iqbal confirm central thesis weidlich pedagogy medium drive iqbal hashmi asghar abid academic achievement sustainable share metacognition cognitive offload preservice scientific quantitative study survey design factor influence academic achievement preservice study positively associate achievement critically relationship fully mediate cognitive factor share metacognition smc cognitive offload col smc col strong positive mediator indicate facilitate collaborative metacognition offload cognitive task extraneous load free jose cherian verghis varghise joseph cognitive paradox enhancement erosion frontier psychology theoretical review paper explicitly explore cognitive paradox argue simultaneously skill recall erode critical thinking cognitive load theory theory frame conflict posit reduce cognitive load substitute mental effort cognitive offload compromise learner autonomy stifle analytical skill
1,1.0,1.0,1.0,policy_ai_cognitive_offloading_and_implications_for_education,australia,original,143,Appendix: Annotated bibliography,"Appendix: Annotated bibliography

six class on physics and mathematics in Germany. In a cohort of 214 students, they found that the use of a chatbot enhanced learning and engagement while also lowering cognitive load. The authors took this as evidence that AI chatbots are a useful addition to education, particularly in STEM subjects. It is worth noting here that the primary outcome was an exam. This finding highlights the ambiguity in the field: the tool reduced load and improved performance , but it is unknown if it improved durable learning . Lee, H. P., Sarkar, A., Tankelevitch, L., Drosos, I., Rintel, S., Banks, R., &amp; Wilson, N. (2025). The impact of generative AI on critical thinking: Self-reported reductions in cognitive effort and confidence effects from a survey of knowledge workers. In Proceedings of the 2025 CHI conference on human factors in computing systems (pp. 1-22). ACM. https://doi.org/10.1145/3706598.3713778

This survey of knowledge workers (extending the research beyond students) provides a crucial psychological insight into the offloading phenomenon. The study found that greater confidence in AI's capabilities was directly linked to reduced critical thinking . This suggests a mechanism for the metacognitive laziness described by Fan et al. (2024): users who trust the output of AI are less likely to engage in the effortful cognitive work of verification and analysis. This complements the paradox of self-efficacy (Zhang &amp; Xu, 2025), where the fluency of AI outputs creates an illusion of competence that dampens the user's own metacognitive monitoring, leading to detrimental offloading. Martin, A. J., Collie, R. J., Kennett, R., Liu, D., Ginns, P., Sudimantara, L. B., Dewi, E. W., &amp; Rüschenpöhler, L. G. (2025). Integrating generative AI and load reduction instruction to individualise and optimise students' learning. Learning and Individual Differences, 121 , Article 102723. https://doi.org/10.1016/j.lindif.2025.102723

This conceptual paper integrates Cognitive Load Theory with Load Reduction Instruction to provide systematic guidance for educational AI implementation. The framework proposes five principles: managing cognitive load types, balancing instruction with discovery, providing appropriate scaffolding, enabling progressive independence, and accommodating the novice-expert continuum.",annotated class physic mathematics germany cohort chatbot enhanced engagement lower cognitive load evidence chatbots useful addition particularly stem subject worth note outcome exam highlight ambiguity field reduce load improve performance unknown improve durable lee sarkar tankelevitch drosos rintel bank wilson critical thinking reduction cognitive effort confidence effect survey knowledge worker proceeding chi conference factor compute acm survey knowledge worker extend research crucial psychological insight offload phenomenon study great confidence capability directly link reduce critical thinking suggest mechanism metacognitive laziness fan user trust output likely effortful cognitive verification analysis complement paradox zhang fluency output illusion competence dampen user metacognitive monitoring lead detrimental offload martin collie kennett liu ginns sudimantara dewi integrate load reduction instruction individualise optimise individual difference conceptual paper integrate cognitive load theory load reduction instruction systematic guidance framework propose principle manage cognitive load balance instruction discovery scaffold progressive independence accommodate continuum rüschenpöhler
1,1.0,1.0,1.0,policy_ai_cognitive_offloading_and_implications_for_education,australia,original,134,Appendix: Annotated bibliography,"Appendix: Annotated bibliography

memory can impair consolidation of the mental structures (schemata) necessary for critical thinking, expertise and intuitive mastery, and may provide an explanation for population-level trends in cognitive decline. They outline an educational approach that balances utilisation of AI technologies with a pedagogical focus on building strong knowledge and metacognitive foundations. Pan, Y., Liu, Y., Zhang, Z., Liu, S., Song, Y., Wang, S., Wu, Y., Zhang, Y., Wang, Z., &amp; Yu, Y. (2025). LLM-powered multi-agent framework for goal-oriented learning in intelligent tutoring system. In Proceedings of the ACM Web Conference 2025 (WWW '25) . ACM. https://doi.org/10.48550/arXiv.2501.15749

This paper presents a technical and architectural solution aligned with the goal-driven reframing of CLT (Kalyuga &amp; Plass, 2025). The authors developed 'GenMentor,' an intelligent tutoring system (ITS) framework that is explicitly goal oriented. The system uses multiple LLM agents to identify a learner's skill gaps in relation to their specific goals , and then provides personalised, adaptive learning paths. This paper is significant because it represents the engineering application of the goal-driven theory, contrasting sharply with the use of generic, non-goal-oriented tools (like the one used in Bastani et al., 2025), which leads to detrimental offloading. Patac, L. P., &amp; Patac, A. V., Jr. (2025). Using ChatGPT for academic support: Managing cognitive load and enhancing learning efficiency - A phenomenological approach. Social Sciences &amp; Humanities Open, 11 , Article 101301. https://doi.org/10.1016/j. ssaho.2025.101301

This qualitative study provides the learner's perspective on the cognitive load mechanism. Through a phenomenological approach, the authors found that students perceive ChatGPT as reducing all forms of cognitive load. This finding is critical: it explains why students engage in detrimental offloading (Zhai et al., 2024). They are making a rational choice based on their perception of reduced effort (a feeling of fluency), which aligns with the goal-driven framework (Kalyuga &amp; Plass, 2025) where the goal of task efficiency overrides the (more effortful) goal of learning. Singh, A., Guan, Z., &amp; Rieh, S. Y. (2025). Enhancing critical thinking in generative AI search with metacognitive prompts. Proceedings of the Association for Information Science and Technology, 62 (1), 672-684.",annotated memory impair consolidation mental structure schemata necessary critical thinking expertise intuitive mastery explanation trend cognitive decline outline balance utilisation pedagogical focus building strong knowledge metacognitive foundation pan liu zhang liu song wang zhang wang framework tutoring proceeding acm conference acm paper present architectural solution align reframing clt kalyuga plass genmentor tutor framework explicitly orient agent learner skill gap relation personalised adaptive path paper significant represent engineering theory contrast sharply generic bastani lead detrimental offload patac patac chatgpt academic manage cognitive load efficiency phenomenological social science humanity open ssaho qualitative study learner perspective cognitive load mechanism phenomenological perceive chatgpt reduce form cognitive load critical explains detrimental offload zhai rational choice perception reduce effort feeling fluency aligns framework kalyuga plass task efficiency override effortful singh guan rieh critical thinking search metacognitive prompt proceeding association science
2,1.0,1.0,1.0,policy_generative_ai_in_the_australian_education_system_an_open_data_set_of_stakeholder_recommendations_and_emerging_analysis_from_a_public_inquiry,australia,original,131,Data availability statement,"Data availability statement. Declaration of interests

Most of the authors of this submission contributed to a Centre submission (Knight, Heggart et al., 2023) to the inquiry that is the focus of this paper. Some of the authors also contributed to the institutional submission and external submissions. These submissions form a part of the data and were processed in the same way as all other submissions.

Data availability statement

Original data and code used, along with analysis outputs, are available under a Creative Commons CC-By license. The source data is under parliamentary copyright, under a CC-By-NC-ND license. All materials may be obtained from:

Knight, S., DicksonDeane, C., Heggart, K., Kitto, K., Çetindamar Kozanoğlu, D., Maher, D., Narayan, B., &amp; Zarrabi, F. (2023). Generative AI in the Australian education system: An open dataset of stakeholder recommendations and emerging analysis from a public inquiry [Data set]. https://doi.org/10.26195/jjaa-7p04

Where PDFs embedded URLs inline (i.e., without providing the URL string in text), an additional macro script was used to extract URL links from converted docx files, available at

https://gist.github.com/sjgknight/62ec758d96adee992bc30baa09d6b838. This manuscript was reviewed with the data from 94 submissions received as of August 10, at which point we had received an indication there were likely to be few remaining (Inquiry secretariat, personal communication, August 1, 2023). One further submission was subsequently published and has been added to the data set. '[O]u r own analysis of ARC data indicates that the humanities and social science disciplines (see data availability statement) account for approximately 27% of projects that mention 'artificial intelligence' in any way, over all schemes ' (p. 20): To compute the ARC funding propitiations, the following 2-digit FOR codes were included in HASS, where those &lt; 30 are in the 2008 classification and &gt; 29 in the 2020 classification: 12, 13, 14, 15, 16, 17, 18, 19, 20, 21, 22, 33, 35, 36, 38, 39, 43, 44, 45, 47, 48, 50, 52. This list is consistent with the Academy of Social Sciences list https://socialsciences.org.au/social-sciencefields-of-research/ except with the addition of 'Creative Arts and Writing' (FOR 36), and removing 'Health Sciences' (FOR 42). Including health sciences increases the count to 33% of projects . For projects that were funded, the mean funding amount is ~804/836k for non-HASS disciplines and ~585/562k HASS disciplines (excluding/including health sciences in HASS respectively).",availability statement declaration interest submission contribute centre submission heggart inquiry focus paper contribute institutional submission external submission submission form submission availability statement code analysis output creative common license source parliamentary license material obtain dicksondeane heggart kitto kozano maher narayan zarrabi open recommendation emerge analysis public inquiry set pdfs embed urls inline url string additional macro script extract url link convert file manuscript review submission receive point receive indication likely remain inquiry secretariat personal communication submission subsequently publish add set analysis arc indicate humanity social science discipline availability statement account approximately project mention scheme compute arc funding propitiation follow code hass classification classification list consistent academy social science list addition creative art write remove health science health science increase project project fund fund discipline hass discipline exclude health science hass respectively çetindamar
2,1.0,1.0,1.0,policy_generative_ai_in_the_australian_education_system_an_open_data_set_of_stakeholder_recommendations_and_emerging_analysis_from_a_public_inquiry,australia,original,41,Implications and future work,"Implications and future work

This paper contributes to understanding how stakeholders -including policymakers such as the committee instigating this inquiry -frame possible response to GenAI in education. Through our analysis we have drawn out and synthesised recommendations made, while also making the data available as open data for further analysis. We anticipate this data being useful (a) in the unfolding of the inquiry process, and in reflection by experts regarding how ' policy ready ' we are in responding, (b) in closer analysis of how recommendations align to the stated risks and opportunities of GenAI in education, and indeed how education is framed across these submissions, (c) in investigating the material resources drawn on in, and implicated by, the submissions, particularly in relation to evidence cited in them and (d) more broadly in providing a policy analysis approach that may be adopted in other domains.",implication paper contribute policymakers instigate inquiry response analysis drawn synthesise recommendation open analysis anticipate useful unfolding inquiry reflection expert ready respond close analysis recommendation align risk frame submission investigate material draw implicated submission particularly relation evidence cite broadly analysis adopt domain
2,1.0,1.0,1.0,policy_generative_ai_in_the_australian_education_system_an_open_data_set_of_stakeholder_recommendations_and_emerging_analysis_from_a_public_inquiry,australia,original,72,Acknowledgements,"Acknowledgements. Author contributions

Author 1 : Conceptualisation, Data curation, Formal analysis, Investigation, Methodology, Project administration, Supervision, Visualisation, Writing -original draft, review and editing; Authors 2 -7: Writing -original draft (parts thereof), Writing -review and editing, Formal analysis, Methodology, Validation; Author 8: Data curation, Writing -original draft (parts thereof). All authors have read and approved the final manuscript. Authors following the corresponding author (Author 1) are listed in alphabetical order.

Acknowledgements

The ideas presented in this paper were initially developed as part of a joint 'Submission in response to the House Standing Committee on Employment, Education and Training's inquiry into the use of generative artificial intelligence in the Australian educa tion system'. That submission represents the views of the authors, not the position of their home institution or any of its individual units. This manuscript builds on that submission but is wholly new in expression and in terms of the ideas expressed. Our particular thanks to colleagues Heather Ford, Jane Hunter and Amelia Johns for their support in developing our submission and initial discussion regarding this manuscript.",acknowledgement contribution conceptualisation curation formal analysis investigation methodology project administration supervision visualisation write review edit write write edit formal analysis methodology validation curation write read approve manuscript follow correspond list alphabetical order acknowledgement idea present paper initially joint submission response house stand employment training inquiry submission represent position home institution individual unit manuscript build submission wholly expression term idea express particular thanks colleague heather ford jane hunter amelia john submission initial manuscript
2,1.0,1.0,1.0,policy_generative_ai_in_the_australian_education_system_an_open_data_set_of_stakeholder_recommendations_and_emerging_analysis_from_a_public_inquiry,australia,original,33,Data set and open data,"Data set and open data

for reflection, by supporting other researchers and stakeholders in considering the issues in the space of GenAI and education policy. Open data is generally non-privacy-restricted and non-confidential data which is produced with public money and is made available without any restrictions on its usage or distribution (Janssen et al., 2012). In this case, once published, the submissions are formally a parliamentary publication, under parliamentary copyright (a Creative Commons Attribution, non-Commercial, no-Derivatives or CC-By-NC-ND license). Our use of the data is consistent with that license in reproducing parts of whole submissions (Creative Commons, 2023; Vézina, 2020). In the discussion, we point to some possible future analyses that this data could facilitate.",set open reflection space open generally produce public money restriction usage distribution janssen publish submission formally parliamentary publication parliamentary creative common attribution license consistent license reproduce submission creative common point analysis facilitate vézina
2,1.0,1.0,1.0,policy_generative_ai_in_the_australian_education_system_an_open_data_set_of_stakeholder_recommendations_and_emerging_analysis_from_a_public_inquiry,australia,original,100,Public inquiries as problem frame and policy formulation,"Public inquiries as problem frame and policy formulation

including (a) content analysis (McCurdy &amp; Knell, 2015); (b) analysis to quantify agreement between the arguments made in submissions and the final committee report (Weaver-Hightower, 2014); (c) and content analysis of issues raised in submissions to map both to stakeholder groups and the final committee report (Buchan &amp; Harris, 2010). By adopting a critical policy analysis lens, other work has highlighted the way that an inquiry and its terms of reference can both deny and make available particular perspectives through its framing of the 'p roblem ' (Bacchi, 2012) -this is seen in an analysis of the Australian Productivity Commission Inquiry into Child Care and Early Childhood Learning (Cook &amp; Brady, 2017); and provided critical discourse analysis of the frames different stakeholders provide in their submissions (Meagher &amp; Wilkins, 2018). Notably, the question of which stakeholders are represented in public inquiries and their policy framing is bound up with the evidence that is 'heard' by those participating in the inquiries (Regan, 2019). As such, although submissions to public inquiries provide a lens onto framings of policy spaces, and perceptions of these among those who submit, it is a distorted, narrow and partial lens:

- distorted because submissions respond to the framing provided
- narrow because submissions reflect only the stakeholders who submit to them, with some concerns regarding a democratic deficit in public participation in public inquiries
- partial because submissions fulfil discursive purpose, with the framing provided by submitting authors intended to fulfil particular pragmatic ends.",public inquiry problem frame formulation content analysis mccurdy knell analysis quantify agreement argument submission content analysis raise submission map group buchan harris adopt critical analysis lens highlight inquiry term deny particular framing roblem bacchi analysis productivity inquiry child care early childhood cook brady critical discourse analysis frame submission meagher wilkins notably represent public inquiry frame bound evidence hear participate inquiry regan submission public inquiry lens framing space perception submit distort narrow partial lens distort submission respond framing narrow submission reflect submit concern democratic deficit public participation public inquiry partial submission fulfil discursive purpose frame submit intend fulfil particular pragmatic end
